Compound,Date,Negative,Neutral,Positive,Tweet Text,Tweets Ago,User
0.0,Tue Oct 02 19:02:07 +0000 2018,0.0,1.0,0.0,"Discover the extraordinary story of how a small Scottish bank grew to briefly become the biggest in the world, befo‚Ä¶ https://t.co/OQpgOJ7edi",0,@BBC
-0.802,Tue Oct 02 17:55:03 +0000 2018,0.427,0.573,0.0,Knife crime is up 22%. Who are the victims and what‚Äôs to blame? https://t.co/ZEAml31p9m,1,@BBC
0.4019,Tue Oct 02 17:06:06 +0000 2018,0.0,0.803,0.197,"The gender reveal party that sparked a massive 47,000 acre wildfire. 
üëâ https://t.co/b0Xc17AuK5 https://t.co/ROh8TOMH7K",2,@BBC
0.5574,Tue Oct 02 16:06:02 +0000 2018,0.0,0.816,0.184,"In 2002, Iberian Lynx were the rarest cats in the world. But then something remarkable happened... https://t.co/iEVCaSDvjN",3,@BBC
-0.2732,Tue Oct 02 14:06:04 +0000 2018,0.242,0.554,0.204,Two scientists who discovered how to fight cancer using the body's immune system have won the 2018 #NobelPrize for‚Ä¶ https://t.co/fIj6Ly7Z3u,4,@BBC
0.5994,Tue Oct 02 13:05:03 +0000 2018,0.0,0.795,0.205,"üç≤üòã A bowl of warm, hearty stew is always a welcome sight on a cold day.

From a classic beef stew to a vegetarian h‚Ä¶ https://t.co/1X1qdk14Oh",5,@BBC
0.0,Tue Oct 02 12:05:04 +0000 2018,0.0,1.0,0.0,"Jodie Whittaker. New Doctor...and a 'Shat Lass'.
#TheGNShow #DoctorWho https://t.co/25HwEbjAfn",6,@BBC
0.5719,Tue Oct 02 10:47:27 +0000 2018,0.0,0.829,0.171,"Donna Strickland has become the first woman to have won the #NobelPrize in Physics in 55 years. 
üëâ‚Ä¶ https://t.co/hGIojnR1W0",7,@BBC
0.0,Tue Oct 02 10:27:17 +0000 2018,0.0,1.0,0.0,"RT @BBCSport: SPOTY is back - and there are some big changes.

The BBC Sports Personality of the Year 2018 contenders will be revealed on t‚Ä¶",8,@BBC
0.6696,Tue Oct 02 10:16:58 +0000 2018,0.0,0.728,0.272,"‚ù§Ô∏èüíÉüèª Ballet is still the love of Joyce's life at 98-years-old! 
#WorldBalletDay https://t.co/nzr3Jy1wbS",9,@BBC
-0.6705,Tue Oct 02 09:22:00 +0000 2018,0.231,0.769,0.0,"Over 300,000 marine animals are killed after becoming entangled in fishing gear every year. 
#DrowningInPlastic‚Ä¶ https://t.co/WmFqGMo8Es",10,@BBC
0.0,Tue Oct 02 09:10:44 +0000 2018,0.0,1.0,0.0,RT @bbccomedy: ‚ÄòThere She Goes‚Äô starring @JefficaHoons and David Tennant comes to @BBCFOUR on October 16th. https://t.co/tH37Wg5TBC,11,@BBC
-0.7964,Tue Oct 02 08:00:09 +0000 2018,0.321,0.679,0.0,"In January 1918, the Spanish flu swept the world and killed more people than WW1. 
#TheFluThatKilled50Million https://t.co/WinYKnWfSA",12,@BBC
0.0,Tue Oct 02 07:05:06 +0000 2018,0.0,1.0,0.0,"üëõ Do you know where your tips go? 

A guide to how tipping works in restaurants.
üëâ https://t.co/CNU4t3iogG https://t.co/7dcsckQwcG",13,@BBC
-0.6486,Tue Oct 02 06:09:05 +0000 2018,0.202,0.798,0.0,"More than half of the world's killer whales could be wiped out by man-made chemicals, scientists say.  https://t.co/w1SaxVchyO",14,@BBC
-0.128,Mon Oct 01 19:00:01 +0000 2018,0.081,0.919,0.0,Wildlife biologist @LizBonnin visits scientists working at the cutting edge of plastics research. She works with le‚Ä¶ https://t.co/rSc4ZR9MEX,15,@BBC
0.0,Mon Oct 01 17:16:04 +0000 2018,0.0,1.0,0.0,"A 19-year-old university student has described his photograph of a white fallow buck sneezing as a ""one-in-a-millio‚Ä¶ https://t.co/A1q3ZEIz2z",16,@BBC
0.7506,Mon Oct 01 16:05:44 +0000 2018,0.0,0.738,0.262,"RT @BBCFood: ü•ï It's World Vegetarian Day and we're celebrating all things veggie. Whether you're looking for a quick lunch, a healthy trayb‚Ä¶",17,@BBC
0.0,Mon Oct 01 15:48:02 +0000 2018,0.0,1.0,0.0,"RT @CBeebiesHQ: Cuddle up cheek to cheek!

Sharon D. Clarke is back for tonight's #BedtimeStory üò¥üìö

The biographical tale of Ella Fitzgeral‚Ä¶",18,@BBC
0.0,Mon Oct 01 15:00:02 +0000 2018,0.0,1.0,0.0,These scientists have found plastic in every area of the Arctic; there are about 225 trillion particles in the whol‚Ä¶ https://t.co/UoKtCXow1b,19,@BBC
0.0,Mon Oct 01 14:01:07 +0000 2018,0.0,1.0,0.0,"An Astrophysicist? A World Traveller? CEO of the British Library? üî≠üìöü§∑

Illustrator Sir Quentin Blake has reimagined‚Ä¶ https://t.co/PqXhCcoHH9",20,@BBC
0.0,Mon Oct 01 13:04:26 +0000 2018,0.0,1.0,0.0,"RT @bbcgetinspired: 'I'm a Muslim woman, I'm visually-impaired and I'm a boxer' ü•äü•ä #GetInspired 

https://t.co/zJorjZokVM",21,@BBC
0.7456,Mon Oct 01 13:03:06 +0000 2018,0.0,0.689,0.311,"üé∂üåü@LadyGaga and Jodie Whittaker playing the #DoctorWho theme tune on the theremin is AMAZING. #TheGNShow

https://t.co/PEwaE9tzNH",22,@BBC
0.128,Mon Oct 01 12:33:03 +0000 2018,0.166,0.642,0.193,"üòÇüòÉüòê Can you spot a fake laugh? 

Take this quiz to find out. üëâ https://t.co/LAFjV5ggf7 https://t.co/sFjlLRwzQK",23,@BBC
-0.5574,Mon Oct 01 12:08:21 +0000 2018,0.205,0.795,0.0,"Geoffrey Hayes, who hosted long-running children's TV show, Rainbow, has died aged 76.
üëâ https://t.co/10XDMpYCiz https://t.co/vPs5odJKqy",24,@BBC
0.7003,Mon Oct 01 11:03:02 +0000 2018,0.0,0.655,0.345,"This Amazing Human uses coffee to give homeless people a second chance. ‚òïÔ∏èüíõ#InternationalCoffeeDay

https://t.co/wOc1ce2B3J",25,@BBC
0.3818,Mon Oct 01 10:03:06 +0000 2018,0.134,0.591,0.274,"Turns out it's *quite* difficult to keep a straight face while testing laughing gas...

https://t.co/nFlgKY7NuY",26,@BBC
-0.7351,Mon Oct 01 09:46:54 +0000 2018,0.237,0.763,0.0,RT @BBCRadio4: We conducted the world's largest survey on loneliness and discovered that 16-24 year olds are the loneliest age group. Read‚Ä¶,27,@BBC
0.0,Mon Oct 01 09:04:02 +0000 2018,0.0,1.0,0.0,"We cannot WAIT for the new Doctor Who series! @bbcdoctorwho #TheGNShow

https://t.co/BkxpymO5Be",28,@BBC
0.7845,Mon Oct 01 08:02:02 +0000 2018,0.0,0.734,0.266,"Start your Monday the right way. Watch Tom Hardy explain to a child why we should love all things equally. üíîüò≠

https://t.co/646n5wwjvL",29,@BBC
-0.7845,Mon Oct 01 07:32:01 +0000 2018,0.434,0.566,0.0,Persistent chemical pollution threatens the future of killer whales. üíî https://t.co/wJJIQj8WLK https://t.co/saSP4leLjt,30,@BBC
-0.872,Mon Oct 01 07:03:05 +0000 2018,0.398,0.602,0.0,"Last year @higeorgeshelley's sister died in an accident. 

He opens up about grief and how to cope.

https://t.co/4SajjiJI6e",31,@BBC
0.4753,Sun Sep 30 20:21:03 +0000 2018,0.0,0.843,0.157,"RT @BBCOne: ‚ÄúI see women out with their babies walking around like it‚Äôs nothing‚Ä¶ I just want to yell out at them, ‚ÄúYou‚Äôre amazing!‚Äù @Jenna_‚Ä¶",32,@BBC
0.6239,Sun Sep 30 19:39:53 +0000 2018,0.0,0.687,0.313,RT @bbcstrictly: Wow. #Strictly Movie Week looks wand-erful! üßô‚Äç‚ôÇÔ∏è‚ú® https://t.co/3Iko29h06s,33,@BBC
0.0,Sun Sep 30 19:03:02 +0000 2018,0.0,1.0,0.0,"A mother‚Äôs life disintegrates while the world looks on. 

#TheCry | 9pm | @BBCOne | https://t.co/hDRdVsMamq https://t.co/2SrLnoKGLi",34,@BBC
0.0,Sun Sep 30 17:16:03 +0000 2018,0.0,1.0,0.0,Tonight it's the first @BBCStrictly results show! Find out which couples have made it through and which two will be‚Ä¶ https://t.co/vytPpS8tTl,35,@BBC
0.5106,Sun Sep 30 16:22:42 +0000 2018,0.063,0.769,0.167,"RT @BBCOne: #TheCry ""is the perfect replacement for #Bodyguard, a twisting, turning whodunit that leaves you questioning everybody."" The Te‚Ä¶",36,@BBC
0.4574,Sun Sep 30 16:22:25 +0000 2018,0.0,0.875,0.125,"RT @BBCOne: To mark 30 years in music, we‚Äôre making a @takethat documentary special and WE NEED YOU! 

Head to https://t.co/WiKSYB8coP to s‚Ä¶",37,@BBC
0.0,Sun Sep 30 16:01:09 +0000 2018,0.113,0.773,0.113,"üï∫‚ú® @Joe_Sugg says he worried that he was the 'joke act' in this year's #Strictly. 

https://t.co/FmKBnEJeoX https://t.co/O1GfHHBJud",38,@BBC
0.0,Sun Sep 30 15:03:03 +0000 2018,0.0,1.0,0.0,"This is the incredible story of how London dug the Victoria Line! üöá

https://t.co/F8MsetBclS",39,@BBC
-0.296,Sun Sep 30 14:02:04 +0000 2018,0.099,0.901,0.0,"In Japan, 'aki no koe' refers to autumn's voice, which incorporates all the sounds of the season: the wind rustling‚Ä¶ https://t.co/2fynWfK1Wu",40,@BBC
0.0,Sun Sep 30 13:06:04 +0000 2018,0.0,1.0,0.0,"""Dyslexia tries to kick my butt daily - but I won't let it beat me"". 

https://t.co/EmtRJC2V5G",41,@BBC
0.0,Sun Sep 30 12:44:04 +0000 2018,0.0,1.0,0.0,Kanye West is changing his name... to Ye. https://t.co/TMRrrzJuKX https://t.co/0ZkgnEbFkA,42,@BBC
0.0,Sun Sep 30 12:31:04 +0000 2018,0.0,1.0,0.0,The lush green mosses of East Antarctica are finally succumbing to climate change. üíî https://t.co/z7j8jcx6TO https://t.co/r7C9gypVhC,43,@BBC
0.1531,Sun Sep 30 11:02:01 +0000 2018,0.0,0.873,0.127,"Going on a night out can be challenging when you're a wheelchair user. 

https://t.co/YvvQ1SnosW",44,@BBC
-0.7783,Sun Sep 30 10:00:00 +0000 2018,0.274,0.726,0.0,"This is disgusting. üòî

The Citarum River in Indonesia is one of the dirtiest rivers in the world. 

Plastic polluti‚Ä¶ https://t.co/F6z2NpXseT",45,@BBC
0.0,Sun Sep 30 09:04:02 +0000 2018,0.0,1.0,0.0,"üêª Say hello to Kyra the sun bear... 

https://t.co/UvDxsG3QO1",46,@BBC
-0.5994,Sun Sep 30 08:30:16 +0000 2018,0.302,0.698,0.0,RT @BBCWorld: Indonesia quake death toll 'at least 832' https://t.co/1VCcXxRrR4,47,@BBC
0.0,Sun Sep 30 07:31:05 +0000 2018,0.124,0.752,0.124,"For children with autism, the stress of taking photos can be overwhelming. To make things easier, eight-year-old Le‚Ä¶ https://t.co/U3hpweRK0D",48,@BBC
0.5859,Sun Sep 30 07:04:02 +0000 2018,0.0,0.703,0.297,"This. Is. Amazing. üòÆ

Introducing the World Pole Climbing Championships...

https://t.co/osulkhFFhQ",49,@BBC
0.4215,Sat Sep 29 20:32:03 +0000 2018,0.0,0.743,0.257,Chile has launched a huge hiking route through its Patagonian wilderness. üå≤üòçüèî  https://t.co/WFIcKZe5Hv https://t.co/RLKjTx2Emo,50,@BBC
0.4215,Sat Sep 29 17:02:12 +0000 2018,0.0,0.865,0.135,üê£üòç Conservationists have been monitoring the progress of rare Leach's storm petrel chicks on the remote Scottish ar‚Ä¶ https://t.co/KzMHUIysAO,51,@BBC
-0.7003,Sat Sep 29 16:01:07 +0000 2018,0.293,0.707,0.0,"'My children bought back the car I sold to pay for wife's cancer treatment'. ‚ù§Ô∏èÔ∏èüöò

https://t.co/xOJwzbgGlE https://t.co/Tx3WYCkCXu",52,@BBC
0.5499,Sat Sep 29 15:54:38 +0000 2018,0.0,0.871,0.129,"RT @BBCEngland: Benny the beluga whale is spending his fifth day in the Thames but appears to be healthy and swimming normally, the Port of‚Ä¶",53,@BBC
0.7088,Sat Sep 29 15:02:04 +0000 2018,0.0,0.671,0.329,"Always start by playing paper! üëä‚úã‚úåÔ∏è

This is how to win at rock-paper-scissors... 

https://t.co/2VzUFq74FT",54,@BBC
0.0,Sat Sep 29 14:03:07 +0000 2018,0.0,1.0,0.0,"'What do I know her from again?' ü§îüì∫

These are the TV actors who pop up in everything. https://t.co/XLQBs5bE5p https://t.co/DJWV8U3OhY",55,@BBC
-0.5256,Sat Sep 29 13:01:07 +0000 2018,0.253,0.747,0.0,"This is the world's most dangerous city to be a woman. 

https://t.co/v1qrWFF6B6",56,@BBC
-0.5622,Sat Sep 29 11:03:02 +0000 2018,0.232,0.768,0.0,"""New York City is underwhelming"". üò≥üò≥üò≥
 
#UnpopularOpinion was HARSH this week. üòÇ @gregjames

https://t.co/pSz5eP8YbR",57,@BBC
0.4939,Sat Sep 29 10:03:05 +0000 2018,0.0,0.819,0.181,"What's it like growing up with tourettes?

Brother and sister Jack and Rebecca describe how people react to their t‚Ä¶ https://t.co/VXY3jdCbEu",58,@BBC
-0.5267,Sat Sep 29 09:01:02 +0000 2018,0.254,0.746,0.0,"This school became a national leader by focusing on a neglected subject... 

https://t.co/5c7iSPT3rc",59,@BBC
0.6808,Sat Sep 29 08:11:46 +0000 2018,0.0,0.763,0.237,RT @BBCOne: .@LadyGaga &amp; Jodie Whittaker playing the #DoctorWho theme tune on the theremin is a joy to behold. #TheGNShow https://t.co/0aLu‚Ä¶,60,@BBC
-0.1022,Sat Sep 29 08:05:03 +0000 2018,0.165,0.691,0.144,"""I've broken around 80 bones"". üò¨üè•

Meet the man who can't feel pain. üëâ https://t.co/6qsfeQmIct https://t.co/6jXkhYCTza",61,@BBC
0.0,Sat Sep 29 07:03:06 +0000 2018,0.0,1.0,0.0,"Say hello to baby Omo, a rare albino squirrel... üòçüêøÔ∏è

https://t.co/FVppFQSOJw",62,@BBC
0.0,Sat Sep 29 06:31:00 +0000 2018,0.0,1.0,0.0,"Over the last 50 years, the flesh-footed shearwater population has dropped by 30%.

Plastic is a major cause of the‚Ä¶ https://t.co/827iYwzryJ",63,@BBC
0.3595,Fri Sep 28 20:31:03 +0000 2018,0.0,0.865,0.135,"The Graham Norton Show is back! Tonight Bradley Cooper, @ladygaga, Jodie Whittaker and @ryangosling join @grahnort‚Ä¶ https://t.co/prBbKLrkaO",64,@BBC
-0.126,Fri Sep 28 18:32:03 +0000 2018,0.089,0.846,0.065,"It's the Celebrity MasterChef final! After six gruelling weeks, just two tough challenges stand between the three r‚Ä¶ https://t.co/mLCixMGG8v",65,@BBC
0.4215,Fri Sep 28 16:03:07 +0000 2018,0.0,0.714,0.286,"Science has confirmed: cats are nice. üòª

https://t.co/nTtAUxYl6v https://t.co/kI8XYPICjA",66,@BBC
0.1531,Fri Sep 28 15:01:02 +0000 2018,0.0,0.882,0.118,"üòÆüêô You need to watch this seal slap a man with an octopus... 

https://t.co/Njn1fsWeXX",67,@BBC
0.0,Fri Sep 28 14:03:07 +0000 2018,0.0,1.0,0.0,In pictures: Politician mothers take their babies to work. üë∂üì∑ https://t.co/wZ4NmFwkOn https://t.co/BTtyJu1WSX,68,@BBC
-0.5346,Fri Sep 28 12:33:00 +0000 2018,0.345,0.478,0.177,"Why do we love bees, but hate wasps? https://t.co/2CM65SLLyE",69,@BBC
0.6597,Fri Sep 28 11:04:06 +0000 2018,0.088,0.669,0.243,"What kind of snack would you be? ü§î

Kids asking Tom Hardy difficult questions is the best thing you'll see today. üòÇ‚Ä¶ https://t.co/8iFXGQhKlz",70,@BBC
0.0,Fri Sep 28 10:24:29 +0000 2018,0.0,1.0,0.0,"RT @BBCWomansHour: The üö®TOP 10üö® #WomenInMusic on the #WHPowerList have been revealed! üåü Featuring the most iconic performers, heads of labe‚Ä¶",71,@BBC
-0.296,Fri Sep 28 10:02:06 +0000 2018,0.128,0.872,0.0,"‚ù§Ô∏è This story of a missing 49-year-old father is the most moving thing you'll watch today. 

https://t.co/8CYggzS9Hj",72,@BBC
0.5719,Fri Sep 28 09:40:18 +0000 2018,0.0,0.829,0.171,"RT @bbcmusic: How are you celebrating #BBCMusicDay today? 

Here's 9 Things to watch out for, including @George_Ezra reading a bedtime stor‚Ä¶",73,@BBC
-0.5994,Fri Sep 28 09:04:01 +0000 2018,0.262,0.738,0.0,"How would you cope if you knew how you might die?

https://t.co/VbAFmeDCXQ",74,@BBC
0.5859,Fri Sep 28 08:04:02 +0000 2018,0.0,0.798,0.202,"Eggs as conditioner? ü•öü§∑

Experts rate the beauty tips that our mums swore by. üëâ https://t.co/HGSuMbUNOj https://t.co/uoUg0LYfQp",75,@BBC
0.3818,Fri Sep 28 07:32:06 +0000 2018,0.0,0.867,0.133,"Are children getting too much homework in the UK? üìöüñç

Comedian @robdelaney says kids' workload is ""madness"".‚Ä¶ https://t.co/i16FsfwKNb",76,@BBC
0.6808,Fri Sep 28 07:01:05 +0000 2018,0.0,0.714,0.286,"Here's some useful advice on how you can help hedgehogs at this time of year. ü¶î

https://t.co/TKgF4H0ktl",77,@BBC
0.2263,Thu Sep 27 17:02:07 +0000 2018,0.089,0.756,0.155,"This is the quiz where you have to play the answer as well as say it. Famous faces battle it out, testing their ski‚Ä¶ https://t.co/WXXa78QNdD",78,@BBC
-0.128,Thu Sep 27 16:03:09 +0000 2018,0.067,0.933,0.0,Got a bag of frozen peas lurking at the back of the freezer? Here are 7 things you can do with them. üòãüç¥‚Ä¶ https://t.co/innpVg70hh,79,@BBC
-0.5574,Thu Sep 27 15:31:07 +0000 2018,0.194,0.806,0.0,"John Cunliffe, creator of Postman Pat and Rosie and Jim, has died aged 85. https://t.co/OoHcAgZsu5 https://t.co/PEwPmaItNP",80,@BBC
0.5719,Thu Sep 27 15:06:35 +0000 2018,0.0,0.829,0.171,"Flying squirrels are secretive creatures but if you're lucky, you might meet one. Or two. Or three. üòÆüêø

https://t.co/vx8aM2dHRt",81,@BBC
-0.4201,Thu Sep 27 14:03:05 +0000 2018,0.117,0.883,0.0,"""It's very difficult not to tie your self-worth to the size of your audience"".

@hankgreen on the darker side of in‚Ä¶ https://t.co/EF0u3XM6Nj",82,@BBC
0.4939,Thu Sep 27 13:46:00 +0000 2018,0.0,0.878,0.122,"If half of the UK switched to reusable water bottles, we'd save enough plastic to stretch to the moon and back in j‚Ä¶ https://t.co/HEtqsCQbly",83,@BBC
0.0,Thu Sep 27 13:10:27 +0000 2018,0.0,1.0,0.0,RT @BBCNews: Postman Pat and Rosie and Jim author John Cunliffe dies https://t.co/VPI0iFKwaA,84,@BBC
-0.4019,Thu Sep 27 13:03:06 +0000 2018,0.299,0.476,0.225,"""Dear haters, you're going to hate this."" 

Oliver reacts to Scotland's 'Dear Transphobes' campaign.

https://t.co/uayhqEP7jP",85,@BBC
0.0,Thu Sep 27 12:32:06 +0000 2018,0.0,1.0,0.0,"What a moment! üòÆ üêô

A man has been filmed being slapped in the face with a large octopus thrown by a seal. üëâ‚Ä¶ https://t.co/QxUgZSSXnX",86,@BBC
-0.5267,Thu Sep 27 11:03:03 +0000 2018,0.236,0.764,0.0,"Millions of seahorses are caught every year, threatening their global survival. üíî

https://t.co/CUYoiiYtXa",87,@BBC
0.0,Thu Sep 27 10:44:32 +0000 2018,0.0,1.0,0.0,"RT @BBCTwo: BBC Two just got a brand new look.

Check out some of our new Idents in all their glory‚Ä¶

More info here: https://t.co/5WJBbgGY‚Ä¶",88,@BBC
-0.4753,Thu Sep 27 10:02:02 +0000 2018,0.154,0.846,0.0,"We feel for Deirdre trying to answer some of these... it's unlikely Agony Aunt letters! ‚úâÔ∏èüòÇ #MockTheWeek

https://t.co/iUev3YVy9v",89,@BBC
0.8697,Thu Sep 27 09:04:05 +0000 2018,0.0,0.62,0.38,"Talk about an anticlimax!

When these rescue workers were called to save a drowning man, they got a HUGE surprise..‚Ä¶ https://t.co/PAVPpirEj0",90,@BBC
0.6369,Thu Sep 27 08:04:04 +0000 2018,0.0,0.794,0.206,"""It was probably the end of the night and I was definitely ready for my bed."" üòÇ

When a photo of you in a nightclub‚Ä¶ https://t.co/asnG7gQrC9",91,@BBC
0.5411,Thu Sep 27 07:32:04 +0000 2018,0.0,0.821,0.179,"Up, up and away! These enormous kites took to the sky at a festival in Germany. üå¨  https://t.co/HSIAQAQQE9 https://t.co/iIWX5ERx8I",92,@BBC
0.5551,Thu Sep 27 07:04:02 +0000 2018,0.0,0.661,0.339,"So cute! üòçüê£ Meet Germany's 'Papa Goose'... 

https://t.co/3NtLqZQcnm",93,@BBC
0.0,Wed Sep 26 20:03:06 +0000 2018,0.0,1.0,0.0,The 14th Century house used as the birthplace of Harry Potter is still up for sale. ‚ö°Ô∏èüìñ  https://t.co/dcspAsDKrg https://t.co/NEOGYEkwBr,94,@BBC
0.0,Wed Sep 26 19:07:05 +0000 2018,0.0,1.0,0.0,"üì¨Do not post crisp packets to Walkers, says Royal Mail ‚û°Ô∏è

https://t.co/3JbgtRfiBQ https://t.co/VWRXGKC9nJ",95,@BBC
0.0,Wed Sep 26 16:02:05 +0000 2018,0.0,1.0,0.0,"Did the Duchess of Sussex break protocol when she closed her car door? 

https://t.co/o2n2k0msfU https://t.co/qYmnjcI0ZM",96,@BBC
0.659,Wed Sep 26 15:03:05 +0000 2018,0.0,0.597,0.403,"This puffer fish creates something absolutely breathtaking. üê°üò≤ #LifeStory 

https://t.co/mxU7VERaCI",97,@BBC
-0.25,Wed Sep 26 14:04:00 +0000 2018,0.083,0.917,0.0,"RT @bbcweather: From today, night is longer than day. üåÉ/‚òÄ and the darkness is increasing at a rate of 4/5mins a day. Jo #Autumn https://t.c‚Ä¶",98,@BBC
0.0,Wed Sep 26 14:03:03 +0000 2018,0.0,1.0,0.0,"Archaeologists have found a 400-year-old shipwreck off the coast of Portugal, in what one specialist called the ""di‚Ä¶ https://t.co/YP9fuo5Iz7",99,@BBC
0.8858,Tue Oct 02 21:25:29 +0000 2018,0.0,0.646,0.354,RT @CBSAllAccess: It's a great day to be a fan of #TheTwilightZone! We're celebrating the 59th anniversary of the classic series AND the of‚Ä¶,0,@CBS
0.0,Tue Oct 02 18:36:26 +0000 2018,0.0,1.0,0.0,"‚ö°Ô∏è ‚ÄúHappy Together Premieres on CBS‚Äù

https://t.co/W7IvELcMcw",1,@CBS
-0.4449,Tue Oct 02 17:52:53 +0000 2018,0.164,0.836,0.0,"@miamicah We don't know for sure about that, but we are sure that you should be some sort of TV detective. üôÇ https://t.co/uW5aSn7jlO",2,@CBS
0.0,Tue Oct 02 16:49:34 +0000 2018,0.0,1.0,0.0,"‚ö°Ô∏è ‚ÄúThe Neighborhood Premieres on CBS‚Äù

https://t.co/R72l342BFE",3,@CBS
0.3182,Tue Oct 02 02:42:23 +0000 2018,0.0,0.881,0.119,"RT @startrekcbs: Discover the next adventure of #StarTrekDiscovery January 2019, and catch #Starfleet at @NY_Comic_Con THIS Saturday. https‚Ä¶",4,@CBS
0.765,Tue Oct 02 01:10:54 +0000 2018,0.0,0.708,0.292,The stars of @TheNeighborhood and @happytogether celebrated their shows' premieres on CBS tonight with a good old f‚Ä¶ https://t.co/fu9SJzv7hZ,5,@CBS
0.0,Tue Oct 02 00:01:07 +0000 2018,0.0,1.0,0.0,"RT @TheNeighborhood: It's almost time! Our live Q&amp;A with the casts of #TheNeighborhood &amp; #HappyTogether is starting at 8pm ET/ 5pm PT. 

Se‚Ä¶",6,@CBS
0.0,Mon Oct 01 21:56:03 +0000 2018,0.0,1.0,0.0,Head over to the CBS Facebook page now for the #FacebookLive with @happytogether‚Äôs @wayansjr and @TheNeighborhood‚Äôs‚Ä¶ https://t.co/37QOrVA1sh,7,@CBS
0.296,Mon Oct 01 16:33:11 +0000 2018,0.0,0.864,0.136,Join @happytogether's @wayansjr and @TheNeighborhood's @iamgreenfield for a Facebook Live TODAY at 5:45p ET/2:45 PT‚Ä¶ https://t.co/klrx7cA41H,8,@CBS
-0.2263,Sun Sep 30 23:51:26 +0000 2018,0.091,0.909,0.0,"Due to #NFL football game overrun, #CBS Sunday lineup is delayed in East/Central time zones ONLY. New start times:‚Ä¶ https://t.co/zmEn7CVlUi",9,@CBS
0.6124,Sun Sep 30 17:00:00 +0000 2018,0.0,0.81,0.19,The cast of @GodFriendedMe answers some heavenly questions about social media before the show premieres tonight aft‚Ä¶ https://t.co/61Tx2GTn35,10,@CBS
0.0,Sun Sep 30 14:34:18 +0000 2018,0.0,1.0,0.0,RT @CBSAllAccess: Stream NFL on CBS LIVE today starting at 1pm ET on CBS All Access! üèà https://t.co/vsod8jYeZl https://t.co/UBp3R4UCAd,11,@CBS
0.0,Fri Sep 28 22:22:01 +0000 2018,0.0,1.0,0.0,"On @colbertlateshow, @TheNeighborhood's @CedEntertainer and Stephen recall the first time they met on a night when‚Ä¶ https://t.co/vjz1zVg4sR",12,@CBS
0.0,Fri Sep 28 20:16:14 +0000 2018,0.0,1.0,0.0,".@happytogether's @wayansjr, @HereIsGina &amp; @latelateshow discuss the pros and cons of living with a pop star. Con:‚Ä¶ https://t.co/PLXFxfheW7",13,@CBS
0.0,Fri Sep 28 17:52:41 +0000 2018,0.0,1.0,0.0,"If you haven't seen @SEALTeamCBS, make it your mission to know them before the #SEALTeam Season 2 premiere October‚Ä¶ https://t.co/NhCPI3lZSV",14,@CBS
0.0,Fri Sep 28 16:51:50 +0000 2018,0.0,1.0,0.0,"‚ö°Ô∏è ‚ÄúMurphy Brown Returns to CBS‚Äù

https://t.co/3vsAg7WcB1",15,@CBS
0.0,Thu Sep 27 20:19:18 +0000 2018,0.0,1.0,0.0,.@TheNeighborhood's @iamgreenfield revealing his Fiddler on the Roof goals on @latelateshow will be the earworm you‚Ä¶ https://t.co/swbh8HPwA1,16,@CBS
0.0,Thu Sep 27 20:01:53 +0000 2018,0.0,1.0,0.0,RT @MurphyBrownCBS: A moment 20 years in the making all comes down to this. #MurphyBrown returns to @CBS tonight! https://t.co/tWSMFM3YbG,17,@CBS
0.0,Thu Sep 27 17:19:16 +0000 2018,0.0,1.0,0.0,"Candice Bergen tells @colbertlateshow the presidential way tonight's @MurphyBrownCBS premiere imitates life, albeit‚Ä¶ https://t.co/4Kbk8gt6nS",18,@CBS
-0.34,Thu Sep 27 16:58:08 +0000 2018,0.283,0.526,0.191,@marlagardner222 @jay_hernandez Good idea. The theme song is a dead giveaway. üòâ,19,@CBS
0.0,Thu Sep 27 00:44:13 +0000 2018,0.0,1.0,0.0,@queenmama7777 @CBSAllAccess We believe in you! https://t.co/ZK0xaPRxVr,20,@CBS
0.0,Thu Sep 27 00:42:15 +0000 2018,0.0,1.0,0.0,@BSkyjackcity @jokersupdates @CBSAllAccess On it. https://t.co/yxKX9ry7fw,21,@CBS
0.1139,Wed Sep 26 21:49:27 +0000 2018,0.0,0.929,0.071,Sixteen houseguests entered and now it's down to the Final 3. Don't miss a second of the 90-minute #BB20Finale toni‚Ä¶ https://t.co/KwDHR9Hfqu,22,@CBS
0.6249,Wed Sep 26 19:57:54 +0000 2018,0.0,0.779,0.221,"The tribe has spoken, and they do a pretty decent @JeffProbst impression just in time for the @survivorcbs Season P‚Ä¶ https://t.co/2Ps8VKblay",23,@CBS
0.0,Wed Sep 26 17:25:43 +0000 2018,0.0,1.0,0.0,"‚ö°Ô∏è ‚ÄúFBI Premieres on CBS‚Äù

https://t.co/faL6iHZc5g",24,@CBS
-0.2714,Tue Sep 25 21:10:56 +0000 2018,0.149,0.745,0.106,"RT @CBSAllAccess: A night of crime dramas?! Oh yes. üôå Stream @NCIS_CBS, @FBICBS &amp; @NCISNewOrleans starting at 8/7c on CBS All Access: https‚Ä¶",25,@CBS
-0.2263,Tue Sep 25 20:31:45 +0000 2018,0.091,0.909,0.0,"Before @FBICBS premieres tonight, @mperegrym stopped by @CBSThisMorning to talk about her role as an FBI agent in t‚Ä¶ https://t.co/CPVki4Hv8y",26,@CBS
0.0,Tue Sep 25 19:54:26 +0000 2018,0.0,1.0,0.0,RT @CBSAllAccess: üö® @PatrickBrammall. Tim Meadows. @jessicaalba. @iamgreenfield. @AHWAmySedaris. @ChrisGethard. @JoeManganiello. AND SO MAN‚Ä¶,27,@CBS
0.7901,Tue Sep 25 19:45:33 +0000 2018,0.0,0.709,0.291,RT @bigbangtheory: Happy #NationalComicBookDay from Sheldon and his many shirts! How are you sporting your favorite superhero today? #BigBa‚Ä¶,28,@CBS
0.0,Tue Sep 25 18:34:26 +0000 2018,0.0,1.0,0.0,"‚ö°Ô∏è ‚ÄúMagnum P.I. Premieres on CBS‚Äù

https://t.co/UtbQlcDG8S",29,@CBS
0.0,Tue Sep 25 18:05:31 +0000 2018,0.0,1.0,0.0,".@jay_hernandez went on @latelateshow to talk about @MagnumPICBS, but he may have gotten @TiffanyHaddish as a surf‚Ä¶ https://t.co/a3acRu10aw",30,@CBS
0.0,Mon Sep 24 18:56:15 +0000 2018,0.0,1.0,0.0,"RT @60Minutes: 60 Minutes turns 50 today. Tick, tick, tick ... https://t.co/3CVKEs9J7F",31,@CBS
-0.2263,Sun Sep 23 23:24:03 +0000 2018,0.087,0.913,0.0,"Due to #NFL football game overrun, #CBS Sunday lineup is delayed in ATL, Indy, NOLA, Kansas City, NYC, Philly, Prov‚Ä¶ https://t.co/fejqoxtvSY",32,@CBS
0.0,Sun Sep 23 14:00:00 +0000 2018,0.0,1.0,0.0,Kick off your Sunday with @NFL on CBS. Catch your local games live on CBS and @CBSAllAccess. üèàüì∫‚Ä¶ https://t.co/kbo7N27mY9,33,@CBS
0.296,Fri Sep 21 19:18:00 +0000 2018,0.098,0.758,0.144,"How does $100,000 sound? Because someone is going to win all that tonight on the @TKOCBS Battle Royale finale at 9p‚Ä¶ https://t.co/JEuUZ2QlQh",34,@CBS
-0.1531,Fri Sep 21 17:46:26 +0000 2018,0.187,0.672,0.142,@colbertlateshow @IainLoveTheatre @IainLoveTheatre made a compelling argument. We'll get back to you. üòâ,35,@CBS
0.296,Thu Sep 20 23:17:19 +0000 2018,0.0,0.891,0.109,"Now that @bigbangtheory is entering its last season, Kaley Cuoco admits to @latelateshow she's over the show's noto‚Ä¶ https://t.co/xvhlMWBhSX",36,@CBS
0.6467,Thu Sep 20 21:38:21 +0000 2018,0.0,0.843,0.157,RT @HawaiiFive0CBS: It‚Äôs the big Five-0! üéâ üåä #H50 premiered on this day in 1968! Celebrate 50 years of Hawaii Five-0 with every season of b‚Ä¶,37,@CBS
0.0,Thu Sep 20 16:47:26 +0000 2018,0.0,1.0,0.0,RT @JordanPeele: üì∫üåÄ https://t.co/CygbVi4JFC,38,@CBS
-0.0531,Wed Sep 19 19:07:37 +0000 2018,0.236,0.588,0.176,The @latelateshow and @JKCorden will never be good enough for @henrygolding's crazy rich mom.‚Ä¶ https://t.co/xVmH5Iyfvs,39,@CBS
0.6486,Tue Sep 18 17:04:20 +0000 2018,0.0,0.791,0.209,RT @CBSThisMorning: Imagine receiving a digital friend request from someone claiming to be God. What would you do? The new @CBS drama @GodF‚Ä¶,40,@CBS
0.9642,Mon Sep 17 22:01:52 +0000 2018,0.0,0.473,0.527,"RT @PriceIsRight: We're thrilled to be back with all new, fun, and exciting shows!!  We hope to give you another award winning season! HERE‚Ä¶",41,@CBS
0.0,Mon Sep 17 21:41:20 +0000 2018,0.0,1.0,0.0,RT @SalvationCBS: X marks the spot on the heart-stopping season finale of #SalvationCBS tonight at 9/8c on CBS &amp; CBS All Access: https://t.‚Ä¶,42,@CBS
0.3612,Mon Sep 17 19:18:37 +0000 2018,0.0,0.737,0.263,Waiting for tonight's @Elementary_CBS season finale like https://t.co/Ou8342vGT9,43,@CBS
-0.2263,Sun Sep 16 23:48:59 +0000 2018,0.091,0.909,0.0,"Due to an NFL overrun, the CBS Sunday lineup is delayed in the East/Central cities ONLY. New start times:‚Ä¶ https://t.co/IypoJ0l16P",44,@CBS
0.0,Sun Sep 16 14:33:46 +0000 2018,0.0,1.0,0.0,RT @CBSAllAccess: Sundays were made for NFL on CBS. üèàüíØ Stream NFL on CBS All Access live today: https://t.co/vsod8jGE7N https://t.co/co2528‚Ä¶,45,@CBS
-0.4322,Sat Sep 15 16:00:01 +0000 2018,0.159,0.771,0.07,"What happens when a PTA mom steals nearly $100,000 from her daughter's school? Don't miss the #PinkCollarCrimes sea‚Ä¶ https://t.co/Gjiy0pByaE",46,@CBS
-0.2481,Fri Sep 14 18:22:59 +0000 2018,0.248,0.571,0.181,"RT @CBSAllAccess: No internet, no problem. You can now download and play your favorite shows on CBS All Access! üôå Learn how: https://t.co/y‚Ä¶",47,@CBS
0.0,Thu Sep 13 20:52:06 +0000 2018,0.0,1.0,0.0,@PlaggemeyLee Mac's putting something together. üòâ https://t.co/6ww5HlV6Bx,48,@CBS
0.0,Thu Sep 13 20:28:06 +0000 2018,0.0,1.0,0.0,This just in... https://t.co/QG3OYF6Rfv,49,@CBS
0.4753,Thu Sep 13 18:06:49 +0000 2018,0.083,0.699,0.218,RT @CBSAllAccess: Get excited! Stream original #MurphyBrown episodes for a limited time on CBS All Access before the @MurphyBrownCBS reviva‚Ä¶,50,@CBS
0.0,Mon Sep 10 17:06:16 +0000 2018,0.0,1.0,0.0,"This just in! The 54th #ACMawards will air LIVE from Las Vegas on Sunday, April 7, 2019 at 8/7c on CBS and‚Ä¶ https://t.co/Q9e7qxe26l",51,@CBS
-0.2263,Sun Sep 09 23:36:09 +0000 2018,0.083,0.917,0.0,"Due to an NFL overrun, CBS is delayed 17 mins in the following markets: Kansas City, Miami, Tampa, NOLA, New York,‚Ä¶ https://t.co/9eXZ9mA1Xb",52,@CBS
0.6705,Sun Sep 09 14:00:00 +0000 2018,0.0,0.718,0.282,Are you ready for some football? üèà Stream your favorite NFL games LIVE on #CBSAllAccess today:‚Ä¶ https://t.co/eHt8guHoyv,53,@CBS
0.4215,Sat Sep 08 16:20:43 +0000 2018,0.0,0.851,0.149,An unforgettable night of inspiring stories and performances highlighting the 10 years of impact #StandUpToCancer c‚Ä¶ https://t.co/8bp2XNKwfH,54,@CBS
0.0,Sat Sep 08 00:00:00 +0000 2018,0.0,1.0,0.0,The star-studded event is about to begin! Tune in now to watch #StandUpToCancer on CBS and @cbsallaccess. https://t.co/cD8TJuQBog,55,@CBS
-0.5411,Fri Sep 07 23:15:09 +0000 2018,0.196,0.712,0.092,"RT @cbsallaccess: Join #TellMeAStory's @daniellemcam, @BillyMagnussen &amp; Dorian Missick by standing up to cancer! Watch @SU2C tonight at 8/7‚Ä¶",56,@CBS
0.0,Fri Sep 07 21:50:51 +0000 2018,0.0,1.0,0.0,Tune in to a first-of-its-kind digital live show as lead up to @SU2C‚Äôs televised event tonight! The show will featu‚Ä¶ https://t.co/hIVaLAXYmR,57,@CBS
-0.296,Thu Sep 06 22:10:49 +0000 2018,0.121,0.879,0.0,Hollywood legend Burt Reynolds has passed away at the age of 82. He will be missed. https://t.co/HSmcJ9X9iC,58,@CBS
0.4753,Thu Sep 06 19:00:01 +0000 2018,0.0,0.808,0.192,Here are @FBICBS‚Äô @JeremySisto and @EboneeReigne with a powerful message before #StandUpToCancer airs tomorrow! https://t.co/OCqh91N1OO,59,@CBS
0.0,Wed Sep 05 21:00:00 +0000 2018,0.0,1.0,0.0,Here's everything you need to know before tuning into #StandUpToCancer this Friday at 8/7c: https://t.co/IT9ht84TZ1 https://t.co/OK4AOxw5mP,60,@CBS
0.3612,Wed Sep 05 17:32:40 +0000 2018,0.0,0.889,0.111,Survivor host @JeffProbst is here to break down the theme of #Survivor: David vs. Goliath before the new season beg‚Ä¶ https://t.co/8TcA200eFQ,61,@CBS
0.6908,Wed Sep 05 16:48:09 +0000 2018,0.0,0.467,0.533,"Thanks, @StephenAtHome. 
P.S. Nice beard. #LSSC https://t.co/wppVtfR9cL",62,@CBS
0.4215,Tue Sep 04 20:34:26 +0000 2018,0.0,0.865,0.135,The biggest names in entertainment are coming together once again for #StandUpToCancer this Friday at 8/7c on @CBS‚Ä¶ https://t.co/ntuGKLYvuW,63,@CBS
0.6514,Sat Sep 01 15:25:34 +0000 2018,0.0,0.829,0.171,RT @cbsallaccess: Stream #17 @WestVirginiaU vs. @UTKnoxville LIVE today at 3:30PM ET on CBS All Access! Try 1 month FREE using code BINGENO‚Ä¶,64,@CBS
0.0,Fri Aug 31 21:26:49 +0000 2018,0.0,1.0,0.0,"In just one week, @RWitherspoon, @McConaughey, Jennifer Garner, and more will attend the #‚ÄãStandUpToCancer fundrais‚Ä¶ https://t.co/iHKGOoWejA",65,@CBS
0.0,Fri Aug 31 18:01:01 +0000 2018,0.0,1.0,0.0,"Believe in miracles. Watch this sneak peek of the complete premiere episode of @GodFriendedMe now, a month before i‚Ä¶ https://t.co/5AIUH5VmMk",66,@CBS
-0.6908,Thu Aug 30 19:45:51 +0000 2018,0.239,0.761,0.0,"RT @cbsallaccess: Money. Murder. Mystery. #OneDollar is now streaming, exclusively on CBS All Access. https://t.co/3qFdTEmVU5 https://t.co/‚Ä¶",67,@CBS
0.6239,Thu Aug 30 15:32:47 +0000 2018,0.0,0.83,0.17,RT @GodFriendedMe: It's a godsend! We're dropping the #GodFriendedMe pilot tomorrow right here on Twitter for you to stream a full month be‚Ä¶,68,@CBS
0.0,Mon Aug 27 23:36:57 +0000 2018,0.0,1.0,0.0,"It's almost time for sweater weather, pumpkin spice lattes, and CBS Fall TV premieres. Check out the storylines for‚Ä¶ https://t.co/BpgDyYl8fc",69,@CBS
-0.4389,Fri Aug 24 20:30:16 +0000 2018,0.121,0.879,0.0,RT @cbsallaccess: #NFL preseason coverage is here! üèà The Detroit @Lions battle the Tampa Bay @Buccaneers tonight at 8PM ET. Stream the game‚Ä¶,70,@CBS
0.0,Wed Aug 22 20:55:25 +0000 2018,0.0,1.0,0.0,"@bigbangtheory üé∂...happy kitty, sleepy kitty, purr purr purrüé∂ #TheBigBangTheory https://t.co/sEObppGJlZ",71,@CBS
0.0,Wed Aug 22 20:10:12 +0000 2018,0.0,1.0,0.0,"This is going to require multiple singings of ""Soft Kitty."" https://t.co/UdRGNeQ7Lb",72,@CBS
0.5423,Mon Aug 20 21:59:56 +0000 2018,0.0,0.829,0.171,Got to get more of the @PaulMcCartney #CarpoolKaraoke into your life? @latelateshow produced an hour-long bonus spe‚Ä¶ https://t.co/DjPqajo6Xn,73,@CBS
0.3182,Fri Aug 17 17:42:02 +0000 2018,0.0,0.887,0.113,"How much does it cost to bury the truth? 
#OneDollar premieres August 30, exclusively on CBS All Access. https://t.co/ZL5TBH9ro5",74,@CBS
0.0,Thu Aug 16 18:40:09 +0000 2018,0.0,1.0,0.0,Things got carried away when @ArianaGrande joined @latelateshow for #CarpoolKaraoke. So did Ariana. #ArianaCarpool https://t.co/WSZcC0TaYz,75,@CBS
-0.5267,Thu Aug 16 00:09:03 +0000 2018,0.188,0.72,0.092,RT @cbsallaccess: Murder mystery set in a small town? We're in. Rediscover the genius of original #TwinPeaks co-creators @DAVID_LYNCH and @‚Ä¶,76,@CBS
0.0,Sun Aug 12 23:30:02 +0000 2018,0.0,1.0,0.0,New start times for @60Minutes 7:20ET/6:20CT @CBSBigBrother 8:20ET/7:20CT @NCISLA 9:20ET/8:20CT @Elementary_CBS 10:‚Ä¶ https://t.co/Op9VcDsREa,77,@CBS
0.4389,Sun Aug 12 15:04:59 +0000 2018,0.0,0.874,0.126,Clear your schedules for the 100th #PGAChamp! Stream the Final Round LIVE on @cbsallaccess at 2 PM ET across all de‚Ä¶ https://t.co/m6bH2pKTUN,78,@CBS
-0.3182,Sat Aug 11 18:00:00 +0000 2018,0.103,0.897,0.0,The fortune teller you‚Äôll meet this Saturday lived a life of luxury... by scamming her victims out of hundreds of t‚Ä¶ https://t.co/fJo6F2Eo5p,79,@CBS
0.4926,Sat Aug 11 15:00:02 +0000 2018,0.0,0.856,0.144,The 100th PGA Championship continues today! Stream it LIVE on @cbsallaccess at 2PM ET across all devices. Try 1 Wee‚Ä¶ https://t.co/jbMg06eOND,80,@CBS
0.8957,Fri Aug 10 22:28:55 +0000 2018,0.0,0.581,0.419,"To celebrate the 100th PGA Championship, relive some of the tournament's greatest moments with Luke Wilson. 

Don't‚Ä¶ https://t.co/wUuB93smr4",81,@CBS
0.0,Fri Aug 10 19:59:14 +0000 2018,0.0,1.0,0.0,"RT @TrueCrimeCBS: When Glenn Walp and Steve Doran uncovered theft at the Los Alamos National Laboratory, they HAD to blow their whistles. W‚Ä¶",82,@CBS
0.6696,Thu Aug 09 21:00:00 +0000 2018,0.0,0.745,0.255,Want to create your own @CBSBigBrother or @TKOCBS meme using one the photos here? It‚Äôs your lucky day! Head over to‚Ä¶ https://t.co/JHJWykNkQT,83,@CBS
0.7901,Thu Aug 09 18:47:00 +0000 2018,0.0,0.72,0.28,Time to celebrate! Your favorite Daytime shows will premiere with new seasons this fall. See all of the @CBSDaytime‚Ä¶ https://t.co/GNkK4Zf2kD,84,@CBS
0.6696,Wed Aug 08 16:05:11 +0000 2018,0.0,0.791,0.209,"Love is in the air, and the water! International smash hit #LoveIsland is coming to CBS. https://t.co/nepabuNoSU https://t.co/Cxgvkv463u",85,@CBS
0.0,Tue Aug 07 16:06:57 +0000 2018,0.0,1.0,0.0,The Executive Producers of @CBSBigBrother are teaming up with @KingJames and @MavCarter for an unprecedented televi‚Ä¶ https://t.co/V88bDeHmQs,86,@CBS
0.3612,Mon Aug 06 00:20:55 +0000 2018,0.0,0.889,0.111,"RT @cbsallaccess: Executive Producer of Tell Me A Story, @kevwilliamson, says ""What I like about the show, there‚Äôs nothing else on TV like‚Ä¶",87,@CBS
0.5411,Mon Aug 06 00:07:38 +0000 2018,0.098,0.683,0.219,RT @TheNeighborhood: Feel the love in this new teaser for #TheNeighborhood from the #CBS #TCA18! ü§ó https://t.co/rPmCozH5XP,88,@CBS
0.3818,Mon Aug 06 00:02:58 +0000 2018,0.0,0.894,0.106,RT @TheNeighborhood: Find out why Cedric the Entertainer and the cast think #TheNeighborhood is the kind of show that everyone can relate t‚Ä¶,89,@CBS
0.5093,Mon Aug 06 00:02:02 +0000 2018,0.0,0.845,0.155,That's all for our #CBS #TCA18 panels! Tune in this fall to watch all your favorite new shows. üôå https://t.co/hM85o9eRi8,90,@CBS
0.0,Sun Aug 05 23:58:41 +0000 2018,0.0,1.0,0.0,"RT @MagnumPICBS: ""If there was ever a time to bring back #MagnumPI, it's now."" - @PLenkov 
#CBS #TCA2018",91,@CBS
0.8316,Sun Aug 05 23:44:39 +0000 2018,0.0,0.694,0.306,"RT @MagnumPICBS: ""There are a lot of easter eggs from the original that fans from the original series will love, and they're peppered throu‚Ä¶",92,@CBS
0.0,Sun Aug 05 23:41:21 +0000 2018,0.0,1.0,0.0,"RT @MagnumPICBS: ""What we are trying to do is introduce the show to a new audience...it's going to open it up for anyone that's new and the‚Ä¶",93,@CBS
0.5994,Sun Aug 05 23:35:49 +0000 2018,0.0,0.843,0.157,"RT @MagnumPICBS: ""This has been my white whale since I was a kid. I always loved #MagnumPI. Putting words in Magnum's mouth is something I'‚Ä¶",94,@CBS
0.0,Sun Aug 05 23:35:46 +0000 2018,0.0,1.0,0.0,RT @MagnumPICBS: It's #MagnumPI time at the #CBS #TCA2018! Follow along as we live tweet the panel!,95,@CBS
0.5826,Sun Aug 05 23:16:25 +0000 2018,0.0,0.827,0.173,RT @happytogether: Thanks for following along! That concludes the #HappyTogether panel at the #CBS #TCA2018! @MagnumPICBS is up next!,96,@CBS
-0.5093,Sun Aug 05 23:12:39 +0000 2018,0.202,0.798,0.0,"RT @happytogether: Question: Even though you're not playing @Harry_Styles, did you do a Harry crash course?
@itsfelixwot: Absolutely not. C‚Ä¶",97,@CBS
0.0,Sun Aug 05 23:10:20 +0000 2018,0.0,1.0,0.0,"RT @happytogether: ""The show is about marriage, it's about getting a bit older, it's about youthfulness, it's about something happening and‚Ä¶",98,@CBS
0.6041,Sun Aug 05 23:05:58 +0000 2018,0.0,0.775,0.225,"RT @happytogether: ""It's always good to have a little bit of truth in whatever you're making.""- @wayansjr 

#HappyTogether #CBS #TCA2018",99,@CBS
0.4404,Wed Oct 03 00:26:00 +0000 2018,0.0,0.868,0.132,"Having Tencent Music and Spotify listed on the same exchange is good for both companies, says P√§r-J√∂rgen P√§rson, on‚Ä¶ https://t.co/bh5O09C0lE",0,@CNN
-0.7425,Wed Oct 03 00:25:34 +0000 2018,0.215,0.785,0.0,"RT @OutFrontCNN: President Trump: ""It‚Äôs a very scary time for young men in America when you can be guilty of something that you may not be‚Ä¶",1,@CNN
0.0,Wed Oct 03 00:25:17 +0000 2018,0.0,1.0,0.0,Germany's Bayern Munich is exploring the relationship between crowd noise and on-pitch performance. Using acoustic‚Ä¶ https://t.co/z52Mb7dUu9,2,@CNN
-0.2263,Wed Oct 03 00:21:04 +0000 2018,0.095,0.905,0.0,"Protesters tried to ""forcibly enter"" the Washington office of Republican Rep. Andy Harris of Maryland in an inciden‚Ä¶ https://t.co/TwenLrFcZh",3,@CNN
-0.1027,Wed Oct 03 00:18:00 +0000 2018,0.072,0.928,0.0,"Sen. Bernie Sanders calls Amazon‚Äôs pay hike a ‚Äúshot heard around the world.‚Äù He says other companies should ""learn‚Ä¶ https://t.co/c9JDFPQ9vE",4,@CNN
0.0,Wed Oct 03 00:17:10 +0000 2018,0.0,1.0,0.0,"RT @OutFrontCNN: ""This came up in the Nixon years, and it became actually a part of his impeachment proceedings where they considered an ar‚Ä¶",5,@CNN
0.0,Wed Oct 03 00:13:00 +0000 2018,0.0,1.0,0.0,Electric cars are center stage at the Paris Motor Show https://t.co/zFWHiVgZ2u https://t.co/d2l8FZPzq2,6,@CNN
-0.5719,Wed Oct 03 00:11:05 +0000 2018,0.171,0.829,0.0,"Facebook says it has not found any evidence ""so far"" that its attackers accessed third-party sites through Facebook‚Ä¶ https://t.co/XQT22eBMke",7,@CNN
0.0,Wed Oct 03 00:09:48 +0000 2018,0.0,1.0,0.0,"The world's first full-scale Hyperloop passenger capsule has been revealed, and it could be the future of travel‚Ä¶ https://t.co/e2vOPKN0af",8,@CNN
-0.128,Wed Oct 03 00:06:05 +0000 2018,0.121,0.788,0.091,The obvious contradiction at the heart of Brett Kavanaugh's drinking defense | Analysis by @CillizzaCNN‚Ä¶ https://t.co/zAM2AYUigr,9,@CNN
0.2732,Wed Oct 03 00:01:05 +0000 2018,0.0,0.877,0.123,The FDA recently conducted a surprise inspection of e-cigarette maker Juul's corporate headquarters in San Francisc‚Ä¶ https://t.co/9QhAHhPEiI,10,@CNN
0.0,Tue Oct 02 23:58:13 +0000 2018,0.0,1.0,0.0,"President Trump speaks at a rally in Southaven, Mississippi. Follow live updates: https://t.co/q6PCU8sRLh https://t.co/cuuoDTRpJe",11,@CNN
-0.3182,Tue Oct 02 23:57:21 +0000 2018,0.144,0.76,0.095,"RT @OutFrontCNN: Democratic Rep. Lloyd Doggett says President Trump's denial of the NYT report on alleged tax fraud sounds like ""every othe‚Ä¶",12,@CNN
0.4939,Tue Oct 02 23:57:11 +0000 2018,0.0,0.833,0.167,How to show Trump you care about climate change | By Washington Gov. Jay Inslee via @CNNOpinion‚Ä¶ https://t.co/V7kmdnNhzv,13,@CNN
-0.2263,Tue Oct 02 23:55:34 +0000 2018,0.095,0.905,0.0,An envelope addressed to President Trump contained a substance suspected to be ricin and appeared to be connected t‚Ä¶ https://t.co/A9QnutHDCY,14,@CNN
-0.0772,Tue Oct 02 23:50:47 +0000 2018,0.127,0.759,0.114,"RT @OutFrontCNN: ""It's unfortunate that instead of exercising oversight, this Republican congress is only engaged in overlook. These are th‚Ä¶",15,@CNN
0.0,Tue Oct 02 23:50:38 +0000 2018,0.0,1.0,0.0,"800,000 people registered to vote on National Voter Registration Day this year, breaking a previous record‚Ä¶ https://t.co/hbXhn2CxLc",16,@CNN
0.0,Tue Oct 02 23:45:44 +0000 2018,0.0,1.0,0.0,RT @CNNPolitics: President Donald Trump speaks at a rally in Mississippi. Follow for live updates https://t.co/hKoxKMzkbz https://t.co/ZbQq‚Ä¶,17,@CNN
0.0762,Tue Oct 02 23:43:12 +0000 2018,0.0,0.953,0.047,"RT @OutFrontCNN: ""Fred Trump for years, for his life was famous for not wanting to pay taxes. And I think he passed that gene down to his s‚Ä¶",18,@CNN
0.2263,Tue Oct 02 23:41:34 +0000 2018,0.0,0.917,0.083,"Thailand's Maya Bay, made popular by the film ""The Beach,"" was due to reopen this month, but now will remain closed‚Ä¶ https://t.co/IvaAjDbZrR",19,@CNN
0.0,Tue Oct 02 23:41:03 +0000 2018,0.0,1.0,0.0,Senate Majority Leader Mitch McConnell said the release of an FBI report on allegations against Brett Kavanaugh wil‚Ä¶ https://t.co/VUsCfacfqO,20,@CNN
-0.743,Tue Oct 02 23:38:28 +0000 2018,0.231,0.769,0.0,"RT @CNNSitRoom: Is Trump not the self-made man he says? #NYT reports the President used ""dubious tax schemes"" and ""outright fraud"" to grow‚Ä¶",21,@CNN
0.3724,Tue Oct 02 23:38:17 +0000 2018,0.0,0.904,0.096,"RT @CNNSitRoom: ""There's nothing wrong with inheriting money from your family. The question is: how did it get there, and was it done in su‚Ä¶",22,@CNN
0.5106,Tue Oct 02 23:31:05 +0000 2018,0.0,0.858,0.142,"Which world leader do people trust most? Here are findings from a new global survey by the Pew Research Center.

An‚Ä¶ https://t.co/6po9IQPSEv",23,@CNN
0.0,Tue Oct 02 23:22:09 +0000 2018,0.0,1.0,0.0,"RT @OutFrontCNN: President Trump received today's equivalent of at least $413 million from his father, according to an analysis from The Ne‚Ä¶",24,@CNN
-0.1027,Tue Oct 02 23:22:02 +0000 2018,0.055,0.945,0.0,"RT @CNNSitRoom: ""It was my expectation both Judge Kavanaugh and Dr. Ford would be questioned by the FBI, and then they would pursue any lea‚Ä¶",25,@CNN
0.0,Tue Oct 02 23:21:06 +0000 2018,0.0,1.0,0.0,"Laquan McDonald's face was expressionless as the teenager kept advancing, holding a knife, Chicago police Officer J‚Ä¶ https://t.co/jfR4hkQwDH",26,@CNN
0.0,Tue Oct 02 23:16:34 +0000 2018,0.0,1.0,0.0,"Christine Blasey Ford's attorneys sent a letter to FBI Director Christopher Wray requesting a call, saying they ""ha‚Ä¶ https://t.co/sI3hdKDp23",27,@CNN
0.1531,Tue Oct 02 23:11:03 +0000 2018,0.105,0.726,0.169,"The United States admitted 22,491 refugees in the last fiscal year -- one of the country's lowest amounts on record‚Ä¶ https://t.co/v4CKuQc3mP",28,@CNN
-0.0772,Tue Oct 02 23:08:52 +0000 2018,0.187,0.677,0.135,Real Madrid fell victim to the first major shock of this season's Champions League as the three-time defending cham‚Ä¶ https://t.co/YEhVBwDlqd,29,@CNN
-0.7096,Tue Oct 02 23:02:30 +0000 2018,0.237,0.763,0.0,"""How many stories of sexual violence do you need to hear in order to believe women?"" Activists confronted 3 GOP sen‚Ä¶ https://t.co/5HqcjVquEN",30,@CNN
0.4019,Tue Oct 02 22:51:01 +0000 2018,0.0,0.876,0.124,"Jason Kander, a rising star within the Democratic Party, has announced he is ending his campaign for Kansas City ma‚Ä¶ https://t.co/jE2ePpbXm9",31,@CNN
0.0,Tue Oct 02 22:45:37 +0000 2018,0.0,1.0,0.0,Reddit co-founder Alexis Ohanian's venture capital firm has raised an additional $225 million to invest in early-st‚Ä¶ https://t.co/Tt6tItdgxC,32,@CNN
0.296,Tue Oct 02 22:41:03 +0000 2018,0.0,0.885,0.115,"The ""presidential alert"" headed to Americans' cell phones won't actually be written by President Trump, FEMA says‚Ä¶ https://t.co/SiwRblj4fh",33,@CNN
0.4019,Tue Oct 02 22:31:08 +0000 2018,0.0,0.748,0.252,"Microsoft unveils new Surface devices, smart headphones https://t.co/X8tcUUUk5v https://t.co/6sPQGiBGaG",34,@CNN
0.0,Tue Oct 02 22:25:08 +0000 2018,0.0,1.0,0.0,Is intermittent fasting the key to living longer? @drsanjaygupta will be on Full Circle to answer your questions ab‚Ä¶ https://t.co/ccSe8WTd0b,35,@CNN
0.7964,Tue Oct 02 22:21:06 +0000 2018,0.0,0.693,0.307,"President Trump expressed guarded optimism his Supreme Court nominee Brett Kavanaugh will soon be confirmed, even a‚Ä¶ https://t.co/4LXKSPAjRw",36,@CNN
0.0,Tue Oct 02 22:11:00 +0000 2018,0.0,1.0,0.0,Brazilian surfer Maya Gabeira just set a new Guinness World Record for the largest wave ever surfed by a woman‚Ä¶ https://t.co/RzRUuk8Q8O,37,@CNN
-0.5267,Tue Oct 02 22:01:06 +0000 2018,0.152,0.848,0.0,"Kyle Freeny and Brandon Van Grack, two prosecutors who worked on Paul Manafort's criminal cases, are ending their t‚Ä¶ https://t.co/ap8z1hNQaP",38,@CNN
0.296,Tue Oct 02 21:58:53 +0000 2018,0.096,0.76,0.144,"RT @CNNPolitics: Alaska natives are pressuring key Republican Sen. Lisa Murkowski to vote 'no' on Supreme Court nominee Brett Kavanaugh: ""S‚Ä¶",39,@CNN
-0.5423,Tue Oct 02 21:56:06 +0000 2018,0.328,0.526,0.146,The Supreme Court has refused to block former supermodel Janice Dickinson's defamation case against disgraced comic‚Ä¶ https://t.co/4Zoxk7fPHx,40,@CNN
0.0,Tue Oct 02 21:53:06 +0000 2018,0.0,1.0,0.0,Is intermittent fasting the key to living longer? @drsanjaygupta will be on Full Circle to answer your questions ab‚Ä¶ https://t.co/W4eK8Gpty8,41,@CNN
0.2732,Tue Oct 02 21:50:51 +0000 2018,0.0,0.905,0.095,RT @CNNPolitics: Melania Trump is greeted in Ghana as she embarks on her first solo trip as first lady https://t.co/KigXzo5pb0 https://t.co‚Ä¶,42,@CNN
-0.4404,Tue Oct 02 21:50:45 +0000 2018,0.121,0.879,0.0,"Donte Palmer isn't the only dad who's had to squat on a dirty restroom floor to change his baby's diaper.

He's jus‚Ä¶ https://t.co/gfdB4utAC1",43,@CNN
0.0,Tue Oct 02 21:50:06 +0000 2018,0.0,1.0,0.0,RT @CNNPolitics: CNN Key Races: A blue state complicates Democrats' Senate math | Analysis by CNN's Z. Byron Wolf https://t.co/toj0yrYPfU h‚Ä¶,44,@CNN
0.0,Tue Oct 02 21:47:56 +0000 2018,0.0,1.0,0.0,RT @AC360: Is intermittent fasting the key to living longer? @drsanjaygupta joins Anderson Cooper Full Circle to answer your questions abou‚Ä¶,45,@CNN
-0.128,Tue Oct 02 21:46:00 +0000 2018,0.077,0.923,0.0,"This district in West Virginia voted overwhelmingly for President Trump in the 2016 election. But now, a Democrat n‚Ä¶ https://t.co/knceeRsNaF",46,@CNN
-0.3182,Tue Oct 02 21:41:05 +0000 2018,0.133,0.867,0.0,"Rachel Mitchell did sex-crime victims a disservice | By Elie Honig, a former federal and state prosecutor, via‚Ä¶ https://t.co/ehGMVSbtva",47,@CNN
-0.5106,Tue Oct 02 21:36:05 +0000 2018,0.301,0.699,0.0,Emma Stone opens up about her ongoing battle with anxiety https://t.co/79Jo87rU8Z https://t.co/s25aivZc4K,48,@CNN
0.0,Tue Oct 02 21:33:20 +0000 2018,0.0,1.0,0.0,Secretary of State Mike Pompeo will travel to North Korea this weekend and meet with dictator Kim Jong Un in Pyongy‚Ä¶ https://t.co/GnpIJqXuB1,49,@CNN
0.0,Tue Oct 02 21:31:06 +0000 2018,0.0,1.0,0.0,JCPenney names Jill Soltau as its new CEO https://t.co/RtV2ZksNtp https://t.co/olQHyLfZ3n,50,@CNN
0.0,Tue Oct 02 21:27:53 +0000 2018,0.0,1.0,0.0,RT @TheLeadCNN: Former Secretary of State and Senator @JohnKerry said he believed the ‚Äúfix‚Äù was in on Kavanaugh‚Äôs confirmation because of t‚Ä¶,51,@CNN
-0.296,Tue Oct 02 21:21:05 +0000 2018,0.121,0.879,0.0,"French Interior Minister Gerard Collomb has submitted his resignation to President Emmanuel Macron, according to sp‚Ä¶ https://t.co/rgN3DPi2TE",52,@CNN
0.296,Tue Oct 02 21:12:08 +0000 2018,0.0,0.905,0.095,"RT @TheLeadCNN: New York Times reporter Russ Buettner reports that President Trump made millions by helping his family dodge taxes, and tha‚Ä¶",53,@CNN
0.5574,Tue Oct 02 21:11:07 +0000 2018,0.0,0.833,0.167,"Sen. Lisa Murkowski, a key swing vote on Brett Kavanaugh's Supreme Court nomination, indicated that she plans to ""w‚Ä¶ https://t.co/brhgHDmEAa",54,@CNN
0.0,Tue Oct 02 21:11:04 +0000 2018,0.0,1.0,0.0,"President Trump received today's equivalent of at least $413 million from his father, according to an analysis from‚Ä¶ https://t.co/hf8I1use1C",55,@CNN
0.0,Tue Oct 02 21:06:06 +0000 2018,0.0,1.0,0.0,"Apple is finally getting a llama emoji -- and a raccoon, bagel, frisbee and mosquito, too. Here's what to know abou‚Ä¶ https://t.co/WyOLIDxxmW",56,@CNN
0.0,Tue Oct 02 21:01:05 +0000 2018,0.0,1.0,0.0,S&amp;P downgrades debt-riddled GE and GE Capital https://t.co/JVYUcCojGQ https://t.co/l0VYeJPWWg,57,@CNN
0.6249,Tue Oct 02 20:51:03 +0000 2018,0.0,0.758,0.242,The United Nations agency responsible for looking after Palestinian refugees has pulled some of its international s‚Ä¶ https://t.co/lbnXZyG39o,58,@CNN
-0.296,Tue Oct 02 20:41:02 +0000 2018,0.104,0.896,0.0,The organization that oversees Georgia high school sports said that there is no evidence of negligence in the death‚Ä¶ https://t.co/eGC4qVnTDU,59,@CNN
0.7003,Tue Oct 02 20:34:42 +0000 2018,0.0,0.726,0.274,Sen. Bernie Sanders praises Jeff Bezos after Amazon announced it is raising its minimum wage at both Amazon and Who‚Ä¶ https://t.co/UmiEakLw26,60,@CNN
-0.34,Tue Oct 02 20:31:07 +0000 2018,0.13,0.87,0.0,An off-duty border patrol agent planned to shoot a rifle at a target containing a highly explosive substance reveal‚Ä¶ https://t.co/93lZ8OLYsY,61,@CNN
0.0,Tue Oct 02 20:23:29 +0000 2018,0.0,1.0,0.0,"RT @CNNnewsroom: ""The performance, the behavior, was quite out of bounds,"" says @HillaryClinton, of Brett Kavanaugh's hearing, adding ""ther‚Ä¶",62,@CNN
-0.5859,Tue Oct 02 20:21:06 +0000 2018,0.255,0.745,0.0,"Roger Stone built a ""dirty trickster"" image. Now Robert Mueller might build a case on it https://t.co/wK9kAPZ9Tt https://t.co/GKiyqoSmgM",63,@CNN
0.0,Tue Oct 02 20:11:05 +0000 2018,0.0,1.0,0.0,"The New York Times said it should not have allowed a staff writer who had tweeted negatively about Brett Kavanaugh,‚Ä¶ https://t.co/LscfaTCDoS",64,@CNN
0.1779,Tue Oct 02 20:01:06 +0000 2018,0.067,0.837,0.096,"There‚Äôs no way to know the fate of Brett Kavanaugh‚Äôs Supreme Court nomination, but here are four ways it could play‚Ä¶ https://t.co/og7j03QBso",65,@CNN
0.0,Tue Oct 02 20:00:44 +0000 2018,0.0,1.0,0.0,"RT @CNNnewsroom: ‚ÄúThe processes in place in the Senate were followed, the same way as they should be now,‚Äù says @SenatorRounds of compariso‚Ä¶",66,@CNN
0.4215,Tue Oct 02 19:51:04 +0000 2018,0.0,0.887,0.113,Tencent Music has filed plans to go public in the United States in what could be one the biggest IPOs by a Chinese‚Ä¶ https://t.co/ydZ6GkewGn,67,@CNN
-0.4767,Tue Oct 02 19:41:03 +0000 2018,0.147,0.853,0.0,"A dean at the Catholic University of America has been suspended over tweets that ""called into question the validity‚Ä¶ https://t.co/QsBUkmRwGg",68,@CNN
0.0,Tue Oct 02 19:35:09 +0000 2018,0.0,1.0,0.0,"RT @CNNnewsroom: ‚ÄúThe FBI needs to do a full investigation determining his veracity,‚Äù says Sen. @BernieSanders of the FBI‚Äôs Kavanaugh probe‚Ä¶",69,@CNN
0.5574,Tue Oct 02 19:34:49 +0000 2018,0.0,0.854,0.146,RT @CNNPolitics: The fate of Brett Kavanaugh‚Äôs Supreme Court nomination is a complete toss-up right now. Watch The Point with CNN‚Äôs Chris C‚Ä¶,70,@CNN
0.0772,Tue Oct 02 19:31:00 +0000 2018,0.0,0.936,0.064,The Emerald Bay Maritime Heritage Trail just opened to scuba divers and snorkelers who want to see sunken historic‚Ä¶ https://t.co/dmQgoV0YAl,71,@CNN
-0.6249,Tue Oct 02 19:29:41 +0000 2018,0.242,0.758,0.0,"Four men have been charged with inciting rioting and assaulting counterprotesters at last year's deadly ""Unite the‚Ä¶ https://t.co/JshchPAyBY",72,@CNN
0.1779,Tue Oct 02 19:21:07 +0000 2018,0.115,0.737,0.147,"Sen. Bernie Sanders, who has previously criticized Amazon's treatment of its workers, praised CEO Jeff Bezos Tuesda‚Ä¶ https://t.co/OQaWxDaspA",73,@CNN
0.0,Tue Oct 02 19:14:18 +0000 2018,0.0,1.0,0.0,President Trump is speaking at a convention for the National Electrical Contractors Association. Watch on Facebook:‚Ä¶ https://t.co/HrQ4JXLc2S,74,@CNN
-0.296,Tue Oct 02 19:10:46 +0000 2018,0.155,0.845,0.0,Donald Trump's Stormy Daniels story just keeps collapsing | Analysis by @CillizzaCNN https://t.co/sGLK7MEB1T https://t.co/216tUqje2H,75,@CNN
-0.7425,Tue Oct 02 19:05:16 +0000 2018,0.222,0.778,0.0,"Trump: ""It is a very scary time for young men in America, where you can be guilty of something you may not be guilt‚Ä¶ https://t.co/l2pxQXaJmr",76,@CNN
0.5106,Tue Oct 02 18:52:18 +0000 2018,0.0,0.845,0.155,"Sen. Graham on Brett Kavanaugh: ""If his nomination were to fall short, I would encourage President Trump to re-nomi‚Ä¶ https://t.co/AyJv6IRgGn",77,@CNN
0.6757,Tue Oct 02 18:41:14 +0000 2018,0.0,0.754,0.246,Sen. Lindsey Graham said he believes Supreme Court nominee Brett Kavanaugh will be confirmed ‚Äî but he encouraged Pr‚Ä¶ https://t.co/mpnKdMNqRY,78,@CNN
0.5106,Tue Oct 02 18:40:05 +0000 2018,0.0,0.87,0.13,More than 100 people who survived the Las Vegas shooting one year ago gathered Monday night at the site of the Rout‚Ä¶ https://t.co/4YlRHldgC7,79,@CNN
0.0,Tue Oct 02 18:30:05 +0000 2018,0.117,0.765,0.117,Texas Senate candidate Beto O'Rourke apologized Monday for once writing a critical review of a Broadway musical in‚Ä¶ https://t.co/2zdNpePx4s,80,@CNN
0.5574,Tue Oct 02 18:20:06 +0000 2018,0.0,0.841,0.159,Supreme Court nominee Brett Kavanaugh will not be teaching at Harvard Law School in January 2019. The school inform‚Ä¶ https://t.co/D0sUrwu6oa,81,@CNN
-0.4215,Tue Oct 02 18:10:09 +0000 2018,0.157,0.843,0.0,Police say two men broke into a UPS facility in Memphis and stole 400 guns https://t.co/2wHXR0vrFs https://t.co/18VuKDenZW,82,@CNN
0.0,Tue Oct 02 18:00:22 +0000 2018,0.0,1.0,0.0,"The oldest known animal in the geological record has been identified, in a discovery that scientists are calling ""t‚Ä¶ https://t.co/41viLOx2Oe",83,@CNN
0.0,Tue Oct 02 17:52:53 +0000 2018,0.0,1.0,0.0,"‚ÄúIt‚Äôs part of our culture to examine ourselves, see if we're doing the right thing.‚Äù Jay Carney, Amazon‚Äôs senior vi‚Ä¶ https://t.co/je8OCsldah",84,@CNN
-0.128,Tue Oct 02 17:46:55 +0000 2018,0.081,0.919,0.0,The third congressional district in West Virginia voted overwhelmingly for President Trump in the 2016 election. Bu‚Ä¶ https://t.co/xXxo1cl255,85,@CNN
-0.7425,Tue Oct 02 17:39:03 +0000 2018,0.239,0.761,0.0,President Trump: ‚ÄúIt‚Äôs a very scary time for young men in America when you can be guilty of something that you may‚Ä¶ https://t.co/rjzYxQ9BPl,86,@CNN
0.0,Tue Oct 02 17:31:14 +0000 2018,0.0,1.0,0.0,Brazilian surfer Maya Gabeira just set a new Guinness World Record for the largest wave ever surfed by a woman‚Ä¶ https://t.co/dYQqWT7FPg,87,@CNN
0.0,Tue Oct 02 17:21:18 +0000 2018,0.0,1.0,0.0,Lake Tahoe visitors can now explore the lake's underwater exhibits via the Emerald Bay Maritime Heritage Trail‚Ä¶ https://t.co/bnJENbgQFF,88,@CNN
0.0,Tue Oct 02 17:18:34 +0000 2018,0.0,1.0,0.0,"These satellite images show how entire neighborhoods, and even a bridge, were wiped away in Friday's deadly earthqu‚Ä¶ https://t.co/XlypMByEvL",89,@CNN
-0.5859,Tue Oct 02 16:59:59 +0000 2018,0.242,0.758,0.0,"Missouri has lost track of more than 1,200 sex offenders and other states have a similar problem‚Ä¶ https://t.co/5FnjxevtZt",90,@CNN
0.7102,Tue Oct 02 16:33:14 +0000 2018,0.0,0.717,0.283,"President Trump inspires less trust around the world than many other international leaders, including autocrats lik‚Ä¶ https://t.co/pEEJWtGCzd",91,@CNN
0.5574,Tue Oct 02 16:21:06 +0000 2018,0.0,0.841,0.159,"A piece of mail delivered to the Pentagon mail facility has initially tested positive for ricin, according to two U‚Ä¶ https://t.co/vffm8qjXzq",92,@CNN
0.4404,Tue Oct 02 16:15:15 +0000 2018,0.0,0.83,0.17,"An off-duty border patrol agent wanted an explosive gender reveal party for his family and friends, but he ended up‚Ä¶ https://t.co/ySghCNPg3b",93,@CNN
0.5574,Tue Oct 02 16:00:02 +0000 2018,0.0,0.805,0.195,"Amazon is raising its minimum wage to $15 an hour for all US employees, benefitting more than 250,000, plus 100,000‚Ä¶ https://t.co/2tjXel32nf",94,@CNN
0.0,Tue Oct 02 15:54:48 +0000 2018,0.0,1.0,0.0,An official transcript distributed on Monday evening showed the President telling ABC reporter Cecelia Vega she was‚Ä¶ https://t.co/DbE0WVqt8s,95,@CNN
-0.4939,Tue Oct 02 15:51:27 +0000 2018,0.151,0.849,0.0,The White House has officially corrected the record on an insulting remark President Trump made toward a female rep‚Ä¶ https://t.co/ZOtlYHuPeX,96,@CNN
0.0,Tue Oct 02 15:36:56 +0000 2018,0.0,1.0,0.0,Here's why elephants have cracks in their skin https://t.co/8T4et3Pnnh https://t.co/3Eh0INfBV3,97,@CNN
0.0,Tue Oct 02 15:21:19 +0000 2018,0.0,1.0,0.0,Sen. Jeff Flake says his Kavanaugh vote depends on the FBI probe results https://t.co/lyYtYQD9rM https://t.co/ZMWFA0BiDx,98,@CNN
-0.3597,Tue Oct 02 15:10:45 +0000 2018,0.143,0.857,0.0,Health officials are 'very worried' as African swine fever spreads in Europe and Asia https://t.co/Q948Q06KRA https://t.co/uOrXBb0tMJ,99,@CNN
0.8012,Thu Sep 27 22:42:30 +0000 2018,0.0,0.715,0.285,"RT @fox: üö® @calibreapp is hiring (remote). @benschwarz is one of the most passionate people, deeply caring about building a sustainable, in‚Ä¶",0,@Fox
0.7089,Wed Sep 26 00:47:03 +0000 2018,0.0,0.718,0.282,"If you‚Äôre interested in building a more welcoming Web, web performance, user experience, contributing in many areas‚Ä¶ https://t.co/DEjPCYO61S",1,@Fox
0.8012,Wed Sep 26 00:44:28 +0000 2018,0.0,0.69,0.31,"üö® @calibreapp is hiring (remote). @benschwarz is one of the most passionate people, deeply caring about building a‚Ä¶ https://t.co/TvvTzTKtJz",2,@Fox
0.2023,Mon Sep 10 15:57:26 +0000 2018,0.106,0.745,0.149,"RT @lehudgins: ""I don't believe in equal opportunity offense because there isn't equal opportunity."" -@harikondabolu

#xoxofest2018",3,@Fox
-0.7964,Mon Sep 10 15:57:15 +0000 2018,0.323,0.677,0.0,RT @GermanCityGirl: ‚ÄúThere‚Äôs no goddamned thought police or so many white men would be arrested by now.‚Äù - @harikondabolu #XOXOFest #xoxo,4,@Fox
-0.3818,Sun Sep 09 23:03:46 +0000 2018,0.169,0.74,0.092,RT @jina: I'm tired of people saying that CSS is a useless skill to have. I built up my whole career around it and I'm proud of the work I'‚Ä¶,5,@Fox
0.6249,Sat Sep 08 23:41:17 +0000 2018,0.0,0.687,0.313,RT @femfreq: Great advice from @ContraPoints üòÇüòâ #XOXOFest #xoxo https://t.co/JxCOcxLNQ7,6,@Fox
0.3612,Fri Sep 07 02:23:15 +0000 2018,0.0,0.878,0.122,"After so many years, I‚Äôm finally here, ready to undeniably be blown away. üíô @andymcmillan and @waxpancake for bring‚Ä¶ https://t.co/j0vihTKMTN",7,@Fox
0.0,Fri Sep 07 01:57:50 +0000 2018,0.0,1.0,0.0,@jennschiffer hi Jenn look right,8,@Fox
0.4404,Wed Sep 05 21:35:33 +0000 2018,0.0,0.838,0.162,"@ohhoe @alicegoldfuss pok pok, bollywood theather, woodsman tavern, harlow, good coffee, coava coffee, stumptown, s‚Ä¶ https://t.co/aHWKgPpSTR",9,@Fox
0.0,Wed Sep 05 21:32:37 +0000 2018,0.0,1.0,0.0,@paulozoom the only suitable plan seems to be ice cream?,10,@Fox
0.0,Wed Sep 05 21:29:31 +0000 2018,0.0,1.0,0.0,@alicegoldfuss @ohhoe here to provide recommendations if anyone needs some! especially in SE ‚úåüèª,11,@Fox
0.0,Wed Sep 05 21:28:35 +0000 2018,0.0,1.0,0.0,@paulozoom I see you creepin‚Äô in the SE üëãüèª,12,@Fox
0.0,Wed Sep 05 15:42:48 +0000 2018,0.0,1.0,0.0,@mrmrs_ I got u https://t.co/rWaFh4GOaW,13,@Fox
0.0,Tue Sep 04 17:44:58 +0000 2018,0.0,1.0,0.0,@amelielamont üôãüèª,14,@Fox
0.0,Mon Sep 03 23:11:00 +0000 2018,0.0,1.0,0.0,"@justkelly_ok omg, see you there!",15,@Fox
0.7951,Mon Sep 03 22:37:42 +0000 2018,0.0,0.772,0.228,"I can‚Äôt even begin to grasp how many amazing people are going to be at @xoxo later this week. So excited!

Say hi, don‚Äôt be a stranger! üëãüèªüíñ",16,@Fox
0.296,Thu Aug 30 00:10:58 +0000 2018,0.075,0.796,0.128,"RT @css: A new Chrome feature dubbed ""Blink LazyLoad"" is designed to dramatically improve performance by deferring the load of below-the-fo‚Ä¶",17,@Fox
0.7258,Fri Aug 24 00:29:24 +0000 2018,0.08,0.655,0.265,"I‚Äôm so happy I work at a company that deeply cares about, tracks, stays humble and makes no excuses for pitfalls in‚Ä¶ https://t.co/IgZJlMkP07",18,@Fox
0.7717,Wed Aug 22 03:39:28 +0000 2018,0.0,0.739,0.261,"RT @fox: üëãüèªI‚Äôm selling a bit of Apple gear in excellent condition, Melbourne only. Retweets welcome. Reply or email if you‚Äôre interested.‚Ä¶",19,@Fox
0.2732,Tue Aug 21 23:51:22 +0000 2018,0.0,0.905,0.095,"A friendly reminder that Guetzli, Google‚Äôs open source JPEG encoder, might be slower but can yield even up to 50% a‚Ä¶ https://t.co/FN26irQYi8",20,@Fox
-0.204,Mon Aug 20 23:03:43 +0000 2018,0.233,0.619,0.147,"Lazy loading content can be a very powerful performance strategy. Unfortunately, often it‚Äôs complicated to implemen‚Ä¶ https://t.co/ZHbSmxFB25",21,@Fox
0.7717,Mon Aug 20 00:00:09 +0000 2018,0.0,0.717,0.283,"üëãüèªI‚Äôm selling a bit of Apple gear in excellent condition, Melbourne only. Retweets welcome. Reply or email if you‚Äôr‚Ä¶ https://t.co/Kift5NHw9e",22,@Fox
-0.6072,Thu Aug 09 04:56:06 +0000 2018,0.189,0.811,0.0,"@j2h @benschwarz I get off twitter and this is what happens? what is this bromance, Josh??? should I feel threatened? üòÇ",23,@Fox
-0.1027,Wed Aug 08 02:12:41 +0000 2018,0.172,0.677,0.151,"We all need a bit of good news in those disturbing times‚Äîhere‚Äôs where @goodgoodgood delivers. 

https://t.co/T5qhMKd4aY",24,@Fox
0.128,Wed Aug 08 02:10:53 +0000 2018,0.0,0.909,0.091,"I travel a bit and carefully choose where I stay, eat and go (uh, the designer struggle). I üòç @sabrina‚Äôs‚Ä¶ https://t.co/f43vmBg3DW",25,@Fox
-0.1945,Wed Aug 08 02:08:41 +0000 2018,0.153,0.728,0.118,I‚Äôve recently subscribed to @jkglei‚Äôs newsletter and never looked back. Love the focus on thoughtful technology and‚Ä¶ https://t.co/m28bMmSEBV,26,@Fox
0.8316,Wed Aug 08 02:07:07 +0000 2018,0.0,0.596,0.404,"If customer success, culture, growth and product are your jam, I couldn‚Äôt recommend @helpscout‚Äôs newsletters more.‚Ä¶ https://t.co/8ji9mKMLeX",27,@Fox
0.5267,Wed Aug 08 01:59:38 +0000 2018,0.0,0.833,0.167,"I have been enjoying @intercom newsletters for product, marketing and startup tips. The quality has always been ama‚Ä¶ https://t.co/fA9fw1KXIt",28,@Fox
0.7717,Wed Aug 08 01:57:04 +0000 2018,0.0,0.676,0.324,"The Daily Good from @thegoodtrade covers conscious, sustainable fashion, wellbeing, beauty, food, lifestyle and tra‚Ä¶ https://t.co/qmAOyGcm9i",29,@Fox
0.5719,Wed Aug 08 01:54:45 +0000 2018,0.0,0.812,0.188,Friday is one of my favourite days because of @girlsnightinHQ. A perfect encapsulation of self-care and womanhood.‚Ä¶ https://t.co/HhI1mGfXe8,30,@Fox
0.9201,Wed Aug 08 01:50:21 +0000 2018,0.0,0.536,0.464,"I love @offscreenmag Dispatch. Great productivity tools, services and design objects all wrapped up in a lovely des‚Ä¶ https://t.co/lR8tsWKGNw",31,@Fox
0.0,Wed Aug 08 01:48:16 +0000 2018,0.0,1.0,0.0,Here are my favourite newsletters (it‚Äôs now the primary way I discover content as I‚Äôve mostly ditched reading social media). ‚Üì,32,@Fox
0.4019,Tue Aug 07 23:32:22 +0000 2018,0.0,0.847,0.153,RT @6Gems: Black women are paid 38% less than white men. I support equal pay‚Äîbecause #38PercentCounts. https://t.co/mXFOdcL8Q3,33,@Fox
0.0,Tue Aug 07 23:32:15 +0000 2018,0.0,1.0,0.0,"If you‚Äôre up for a conference-grade talk about UX and groundbreaking performance strategies, come to see‚Ä¶ https://t.co/x2sghiw62F",34,@Fox
0.4404,Tue Aug 07 23:28:56 +0000 2018,0.0,0.868,0.132,"RT @Calibreapp: Scheduler 2.0

Our longest standing feature request was to improve Calibre‚Äôs test scheduler. That‚Äôs exactly what we‚Äôve done‚Ä¶",35,@Fox
0.7574,Tue Aug 07 23:06:06 +0000 2018,0.0,0.755,0.245,"RT @fox: Hey #dddperth, here are the slides with all the references from my keynote about building a welcoming, ethical Web! Transcript com‚Ä¶",36,@Fox
0.4199,Sat Aug 04 03:47:44 +0000 2018,0.0,0.518,0.482,"@LNRBLB thank you, Eleanor! üéâ",37,@Fox
0.4199,Sat Aug 04 03:27:03 +0000 2018,0.0,0.417,0.583,@cckate thank you! üíñ,38,@Fox
0.7574,Sat Aug 04 03:12:25 +0000 2018,0.0,0.724,0.276,"Hey #dddperth, here are the slides with all the references from my keynote about building a welcoming, ethical Web!‚Ä¶ https://t.co/hPilGINzyI",39,@Fox
0.8626,Sat Aug 04 03:05:32 +0000 2018,0.0,0.449,0.551,"@Chisa omg, this is so great! thank you, Teresa! üòç",40,@Fox
0.5095,Sat Aug 04 03:04:39 +0000 2018,0.0,0.852,0.148,RT @andreabedini: I am extremely grateful to @fox for showing me today how technology became anti-human while we weren‚Äôt paying attention.‚Ä¶,41,@Fox
0.8395,Sat Aug 04 03:04:32 +0000 2018,0.0,0.438,0.562,"@andreabedini thank you, Andrea! I‚Äôm glad you‚Äôve found it useful!",42,@Fox
0.4199,Sat Aug 04 03:03:40 +0000 2018,0.0,0.518,0.482,"@evandotly thank you, Evan! üå∏",43,@Fox
0.5106,Sat Aug 04 03:03:16 +0000 2018,0.0,0.809,0.191,RT @msandfor: #dddperth We must build ethical thinking into the way we build software https://t.co/F4QKYOVT1p,44,@Fox
0.0,Sat Aug 04 03:03:07 +0000 2018,0.0,1.0,0.0,RT @MichelePlayfair: Thread ‚òùÔ∏è‚òùÔ∏è 8 principles of ethics in tech from @fox at #DDDPerth üëè,45,@Fox
0.6908,Sat Aug 04 03:02:36 +0000 2018,0.0,0.149,0.851,@samwilson yes :),46,@Fox
-0.2732,Sat Aug 04 03:01:15 +0000 2018,0.094,0.858,0.047,"RT @Amys_Kapers: Until anyone can survive and thrive on the web, no matter their background, gender, ethnicity, etc, the web isn't a welcom‚Ä¶",47,@Fox
0.3182,Sat Aug 04 03:00:55 +0000 2018,0.0,0.813,0.187,RT @MichelePlayfair: . @fox dropping the keynote truth bombs at #dddperth https://t.co/RKAgOSozMB,48,@Fox
0.6705,Sat Aug 04 03:00:48 +0000 2018,0.0,0.766,0.234,"RT @Mandy_Kerr: ‚ÄúDisruption isn‚Äôt a getaway free card to bypass laws, freedoms, moral compass, civil rights and human protections‚Äù - @fox #‚Ä¶",49,@Fox
0.4404,Sat Aug 04 02:43:00 +0000 2018,0.0,0.775,0.225,RT @Chisa: TOO much good stuff from @Fox @dddperth #dddperth https://t.co/XVI1DHGQdd,50,@Fox
-0.8714,Sat Aug 04 02:42:39 +0000 2018,0.368,0.632,0.0,RT @kylietimpani: I cannot applaud or amplify @fox‚Äôs message enough: the web is at a crisis point. Tech is unethical. Exclusionary. A platf‚Ä¶,51,@Fox
0.4215,Sat Aug 04 02:42:17 +0000 2018,0.0,0.741,0.259,RT @Caiwrote: @fox laying down some truths #DDDPerth https://t.co/o2eJNcU5UQ,52,@Fox
0.0,Sat Aug 04 02:41:59 +0000 2018,0.0,1.0,0.0,"RT @Mandy_Kerr: ‚ÄúTechnology should be a mindful, quiet companion to our lives‚Äù - @fox #DDDPerth https://t.co/vB6wBAdqvr",53,@Fox
0.4404,Sat Aug 04 02:41:51 +0000 2018,0.0,0.873,0.127,"RT @LJKenward: Opening #DDDPerth is the incredible @fox with Towards a welcoming Web.

The Pitfalls of Technology:

Move fast and break thi‚Ä¶",54,@Fox
-0.1779,Fri Aug 03 08:49:38 +0000 2018,0.15,0.73,0.12,I forgot that Twitter is the epicentre of harassment and anxiety-inducing content. Back to sharing via Buffer and n‚Ä¶ https://t.co/jiBOURbIKk,55,@Fox
-0.886,Fri Aug 03 08:20:43 +0000 2018,0.363,0.637,0.0,"RT @evan_greer: Sarah Jeong is a badass &amp; reverse racism is not a thing
 Sarah Jeong is a badass &amp; reverse racism is not a thing
 Sarah Jeo‚Ä¶",56,@Fox
0.8398,Fri Aug 03 07:24:56 +0000 2018,0.0,0.654,0.346,"It‚Äôs a privilege to be opening #dddperth tomorrow morning! Come and find out how to build an ethical, welcoming Web‚Ä¶ https://t.co/eC1xTFZ3YR",57,@Fox
0.0,Fri Aug 03 07:21:15 +0000 2018,0.0,1.0,0.0,RT @verge: A note from the editors of The Verge https://t.co/B3wF4dNukg https://t.co/fhgvH9WlkC,58,@Fox
0.0,Thu Aug 02 04:10:03 +0000 2018,0.0,1.0,0.0,"What are your favourite newsletters covering the following subjects: tech, design, front-end, culture, design objects, travel, well-being?",59,@Fox
0.7644,Wed Aug 01 22:42:57 +0000 2018,0.0,0.476,0.524,"@soxyface Thank you, it was lovely meeting you! üíê",60,@Fox
0.7702,Wed Aug 01 21:37:21 +0000 2018,0.0,0.718,0.282,"@sentience Thank you! I really enjoyed yours too! 

I‚Äôm doing a 45-min version at @DDDPerth this weekend that has m‚Ä¶ https://t.co/Drn3ODuLx2",61,@Fox
0.0,Wed Aug 01 06:18:32 +0000 2018,0.0,1.0,0.0,@soxyface @MsJonesInSydney here are the slides with all the references. üôáüèª‚Äç‚ôÄÔ∏è I will publish a transcript next week! https://t.co/EcSUpoi0Rw,62,@Fox
0.4199,Wed Aug 01 06:16:28 +0000 2018,0.0,0.518,0.482,@marcosc thank you! üôáüèª‚Äç‚ôÄÔ∏è,63,@Fox
0.4926,Wed Aug 01 06:13:13 +0000 2018,0.064,0.773,0.163,"RT @MsJonesInSydney: The theme at #Code18 #CodeLeaders is strong! @fox is currently highlighting algorithmic bias, tech ethics and exclusio‚Ä¶",64,@Fox
0.5187,Wed Aug 01 06:12:58 +0000 2018,0.072,0.721,0.206,"@DivZero_ indeed, it‚Äôs all challenging and often depressing, but if we don‚Äôt take action it won‚Äôt get any better. i‚Ä¶ https://t.co/lldW02OHPv",65,@Fox
0.4215,Wed Aug 01 02:35:19 +0000 2018,0.0,0.843,0.157,"So refreshing to hear @johnallsopp reminding about inclusion, diversity and sharing knowledge around these subjects‚Ä¶ https://t.co/Ink4d4W7m5",66,@Fox
-0.25,Wed Aug 01 02:32:40 +0000 2018,0.246,0.551,0.203,"Well, @msjonesinsydney definitely knows how to drop the mic on horrifying diversity and inclusion stats. 

A fantas‚Ä¶ https://t.co/GeLolnfgEm",67,@Fox
-0.296,Wed Aug 01 02:18:01 +0000 2018,0.423,0.577,0.0,@benschwarz nooo pressure whatsoever,68,@Fox
0.0,Wed Aug 01 02:03:31 +0000 2018,0.0,1.0,0.0,That moment when a white guy says ‚Äùthere aren‚Äôt many women developers‚Äù and you cross eyes with any other woman in t‚Ä¶ https://t.co/033oMUbEl8,69,@Fox
0.5574,Wed Aug 01 01:53:15 +0000 2018,0.0,0.581,0.419,@Mandy_Kerr the winds have been gracious,70,@Fox
0.4199,Tue Jul 31 23:27:35 +0000 2018,0.0,0.642,0.358,@soxyface thank you! I‚Äôm hydrating ‚õ≤Ô∏è,71,@Fox
-0.4019,Tue Jul 31 22:58:07 +0000 2018,0.119,0.881,0.0,"I‚Äôll be speaking at @webdirections Code Leaders today at 3.30pm (if I don‚Äôt lose my voice in the meantime üòÇü§ß).

Com‚Ä¶ https://t.co/oh0yLrEE0F",72,@Fox
0.6924,Thu Jul 19 22:21:10 +0000 2018,0.0,0.778,0.222,One of the reasons I‚Äôm so excited to be a part of @helpscout is the commitment to building an inclusive culture wit‚Ä¶ https://t.co/6H6GDJ1TON,73,@Fox
0.0,Wed Jul 11 21:30:06 +0000 2018,0.0,1.0,0.0,More Boston snaps. https://t.co/NCcWPSV8yX,74,@Fox
0.4926,Mon Jul 09 23:35:49 +0000 2018,0.0,0.856,0.144,"RT @helpscout: Said it once, we'll keep saying it: we are thrilled to add you to the team @fox! ü¶ä https://t.co/bKc6GSq6tR",75,@Fox
-0.0516,Mon Jul 09 20:12:02 +0000 2018,0.441,0.147,0.412,"@mattopsahl lol, offensive",76,@Fox
0.5707,Mon Jul 09 19:43:29 +0000 2018,0.0,0.52,0.48,"@tompedals yay, hello, hi! üëãüèª",77,@Fox
0.4404,Mon Jul 09 19:43:13 +0000 2018,0.0,0.408,0.592,"@madalynrose thanks, Madalyn. üíñ",78,@Fox
0.4738,Mon Jul 09 19:43:04 +0000 2018,0.0,0.493,0.507,"@andymcmillan weee, thank you!!",79,@Fox
0.0,Mon Jul 09 19:42:56 +0000 2018,0.0,1.0,0.0,@jennwrites üíñüíñüíñ,80,@Fox
0.8718,Mon Jul 09 19:42:42 +0000 2018,0.0,0.288,0.712,@paulozoom thank you! it is awesome :),81,@Fox
0.3612,Mon Jul 09 19:42:27 +0000 2018,0.0,0.545,0.455,@brianloveswords thank you üôáüèª‚Äç‚ôÄÔ∏è,82,@Fox
0.4926,Mon Jul 09 19:42:10 +0000 2018,0.0,0.385,0.615,"@patrickhamann thanks, Patrick! üíñ",83,@Fox
0.2942,Mon Jul 09 19:41:56 +0000 2018,0.17,0.532,0.297,@lynnandtonic thank you and I will miss you!,84,@Fox
-0.2075,Mon Jul 09 17:17:20 +0000 2018,0.155,0.773,0.072,"@patrickbjohnson nah, only here for a week. travelling alone so don‚Äôt want to make it a very long trip (hashtag anx‚Ä¶ https://t.co/sdzeg7AUmr",85,@Fox
0.4404,Mon Jul 09 17:06:00 +0000 2018,0.0,0.408,0.592,"@lrnrd thanks, bb üíñ",86,@Fox
0.6588,Mon Jul 09 13:04:47 +0000 2018,0.0,0.671,0.329,"@jstn Oh yeah, Coava, Stumptown and Good Coffee are my long standing favs!",87,@Fox
0.0,Mon Jul 09 13:00:00 +0000 2018,0.0,1.0,0.0,"I‚Äôm so spoiled by Melbourne standards I literally cannot drink this liquid that was just served to me as coffee

üòÇüíÄ",88,@Fox
0.5574,Mon Jul 09 12:42:20 +0000 2018,0.0,0.813,0.187,"I‚Äôm excited to share that today is my first day at @helpscout as a front-end engineer on the design team, which is‚Ä¶ https://t.co/LrW8L2lBcq",89,@Fox
-0.7096,Mon Jul 09 08:03:22 +0000 2018,0.371,0.629,0.0,"Here lies Karolina, defeated by jetlag after mere three hours of sleep.",90,@Fox
0.5106,Sun Jul 08 19:48:49 +0000 2018,0.0,0.837,0.163,@andrewvijay Everywhere to be honest. That particular one was in the US. That mostly doesn‚Äôt happen in Australia.,91,@Fox
0.0,Sun Jul 08 19:48:11 +0000 2018,0.0,1.0,0.0,@mctrebo Boston,92,@Fox
-0.4576,Sun Jul 08 19:45:15 +0000 2018,0.15,0.85,0.0,"@LukesBeard It‚Äôs the most annoying thing that all social media, including Instagram, butchers the quality of photos‚Ä¶ https://t.co/7y8A7IuLcT",93,@Fox
-0.25,Sun Jul 08 19:06:16 +0000 2018,0.1,0.9,0.0,"‚ÄúPerks‚Äù of traveling alone as a woman: being called ‚Äúhoney‚Äù in all restaurants/stores, being grabbed by the arm by‚Ä¶ https://t.co/ziCifcCI2x",94,@Fox
0.555,Sun Jul 08 17:39:19 +0000 2018,0.0,0.807,0.193,@mattopsahl Oh! I did go to the Boston Common and Public Garden :) will check it out!,95,@Fox
0.0772,Sun Jul 08 17:37:47 +0000 2018,0.0,0.933,0.067,@amyngyn tbh I specifically look for ‚Äúhealthy‚Äù recipes because I don‚Äôt want all of the sugar / butter / cream in my‚Ä¶ https://t.co/tEki0zBt8v,96,@Fox
0.5499,Sun Jul 08 17:34:51 +0000 2018,0.32,0.334,0.346,"Horribly jet lagged and battling anxiety, but Boston sure is pretty. ‚ù§Ô∏è https://t.co/IYfWZjvqLe",97,@Fox
0.0,Sat Jul 07 15:23:42 +0000 2018,0.0,1.0,0.0,@jilljubs Omg me too but I‚Äôm also afraid,98,@Fox
0.6476,Fri Jul 06 23:22:17 +0000 2018,0.0,0.791,0.209,"Excited to be going to @xoxo this year with @benschwarz! Portland holds a dear place in my heart. 

Can‚Äôt wait to c‚Ä¶ https://t.co/7s7h3Ti8sp",99,@Fox
0.0,Wed Oct 03 00:25:07 +0000 2018,0.0,1.0,0.0,RT @russbuettner: His father‚Äôs fortune: the untruth at the core of President Trump‚Äôs case for his own exceptionalism. https://t.co/4n207maW‚Ä¶,0,@NYTimes
-0.4939,Wed Oct 03 00:17:02 +0000 2018,0.138,0.862,0.0,Bomb experts entered a home in Oregon only to discover the place was full of booby traps including an exploding whe‚Ä¶ https://t.co/FncTuZyso6,1,@NYTimes
-0.3182,Wed Oct 03 00:11:05 +0000 2018,0.091,0.909,0.0,"RT @tackettdc: On Monday night, the two major candidates for governor in Ohio, a critical swing state, met to debate. Two New York Times po‚Ä¶",2,@NYTimes
0.4215,Wed Oct 03 00:02:04 +0000 2018,0.0,0.847,0.153,"""If you are not disrupting the people in positions of authority, it is like you are not doing your job"": Jemele Hil‚Ä¶ https://t.co/GLzVptK6xb",3,@NYTimes
0.0,Tue Oct 02 23:52:03 +0000 2018,0.0,1.0,0.0,"RT @gabrieldance: we‚Äôve spent 18 months investigating the Trump fortune. But if you don‚Äôt have that kinda time right now, here‚Äôs 4 short, i‚Ä¶",4,@NYTimes
0.4404,Tue Oct 02 23:42:02 +0000 2018,0.0,0.818,0.182,This chicken tikka masala recipe is truly accessible to anyone with a well-stocked pantry https://t.co/D5sb5MOXc2,5,@NYTimes
0.0,Tue Oct 02 23:32:06 +0000 2018,0.0,1.0,0.0,Evening Briefing: Here's what you need to know at the end of the day https://t.co/01D9Wjf5g0,6,@NYTimes
0.128,Tue Oct 02 23:22:02 +0000 2018,0.0,0.927,0.073,"RT @davidenrich: Exclusive: We obtained a handwritten 1983 letter that Brett Kavanaugh wrote to his high school buddies: ""We're loud, obnox‚Ä¶",7,@NYTimes
-0.8625,Tue Oct 02 23:17:05 +0000 2018,0.469,0.531,0.0,The killing of a 16-year-old stunned a Brooklyn neighborhood. The shock deepened when a suspect was identified: a b‚Ä¶ https://t.co/M2GmkVMLeS,8,@NYTimes
0.0,Tue Oct 02 23:01:04 +0000 2018,0.0,1.0,0.0,"RT @susannecraig: NEW: Russ Buettner, David Barstow and I got our hands on a massive trove of confidential docs - including 200 tax returns‚Ä¶",9,@NYTimes
0.0,Tue Oct 02 23:00:00 +0000 2018,0.0,1.0,0.0,Clarification: The tweet above said McKinsey determines which creditors get paid what. McKinsey does have a say but it's not the only one.,10,@NYTimes
-0.7351,Tue Oct 02 22:47:11 +0000 2018,0.285,0.658,0.057,"""Baby fails"" is a thriving YouTube genre. And if you want your own internet-famous baby, humiliation is key.‚Ä¶ https://t.co/fHU9SDps0a",11,@NYTimes
-0.2263,Tue Oct 02 22:32:07 +0000 2018,0.091,0.909,0.0,The Manchin campaign said that he spoke with protesters ‚Äúto listen to their stories and views on Brett Kavanaugh.‚Äù‚Ä¶ https://t.co/E80CtfKrRT,12,@NYTimes
0.4588,Tue Oct 02 22:17:04 +0000 2018,0.0,0.85,0.15,2 of America Ferrera's recent favorite books: ‚ÄúWhen They Call You a Terrorist‚Äù by Patrisse Khan-Cullors and ‚ÄúSour H‚Ä¶ https://t.co/LredAGHHbD,13,@NYTimes
0.4404,Tue Oct 02 22:03:04 +0000 2018,0.0,0.879,0.121,"RT @Nate_Cohn: Ohio 1, final. Chabot (R, inc) 50, Pureval (D) 41
A good result for the Republicans in a fairly conservative district where‚Ä¶",14,@NYTimes
0.0,Tue Oct 02 21:48:24 +0000 2018,0.0,1.0,0.0,"As for the $1 million loan President Trump so often cites, The New York Times found that Fred Trump actually lent h‚Ä¶ https://t.co/LtGDEXO17S",15,@NYTimes
0.0,Tue Oct 02 21:23:11 +0000 2018,0.0,1.0,0.0,The New York Times‚Äôs findings raise new questions about President Trump‚Äôs refusal to release his income tax returns‚Ä¶ https://t.co/2QJGxo0Tzm,16,@NYTimes
0.0,Tue Oct 02 21:20:11 +0000 2018,0.0,1.0,0.0,"On May 4, 2004, the Trump children signed away ownership of the empire their father had built over 70 years. The to‚Ä¶ https://t.co/H1DbE6cZ2I",17,@NYTimes
0.3818,Tue Oct 02 21:10:30 +0000 2018,0.0,0.89,0.11,"On Nov. 22, 1997, in an episode never before revealed, Donald Trump and his siblings gained ownership of most of th‚Ä¶ https://t.co/TREtTJ6pHD",18,@NYTimes
-0.5106,Tue Oct 02 21:05:00 +0000 2018,0.155,0.845,0.0,"Clumsy at it was, Donald Trump‚Äôs failed attempt to change his father‚Äôs will brought a family reckoning about 2 rela‚Ä¶ https://t.co/6QVLMrT9YD",19,@NYTimes
0.0,Tue Oct 02 20:59:51 +0000 2018,0.0,1.0,0.0,Fred Trump took prompt action to thwart his son. He dispatched his daughter to find new estate lawyers. The lawyers‚Ä¶ https://t.co/OxoYAYBbP2,20,@NYTimes
0.0,Tue Oct 02 20:55:44 +0000 2018,0.0,1.0,0.0,"In 1990, according to previously secret depositions, Donald Trump tried to have his father‚Äôs will rewritten in a wa‚Ä¶ https://t.co/3USzEdnsJR",21,@NYTimes
0.5719,Tue Oct 02 20:51:17 +0000 2018,0.0,0.793,0.207,"Between 1989 and 1992, tax records show, 4 entities created by Fred Trump to support his children paid Donald Trump‚Ä¶ https://t.co/bLBMEgvv9R",22,@NYTimes
-0.5106,Tue Oct 02 20:45:22 +0000 2018,0.136,0.864,0.0,"As the 1980s ended, Donald Trump‚Äôs big bets began to go bust. Trump Shuttle was failing to make loan payments withi‚Ä¶ https://t.co/fdTcY4KG0e",23,@NYTimes
0.5574,Tue Oct 02 20:35:13 +0000 2018,0.0,0.854,0.146,"In President Trump‚Äôs version of how he got rich, he parlayed a $1 million loan from his father into a $10 billion e‚Ä¶ https://t.co/balhaT0Y0q",24,@NYTimes
0.4404,Tue Oct 02 20:25:18 +0000 2018,0.0,0.854,0.146,"We hope you have time to read the complete investigation by @DavidBarstow, @SusanneCraig and @RussBuettner. But if‚Ä¶ https://t.co/3KRrQ19354",25,@NYTimes
0.0,Tue Oct 02 20:14:17 +0000 2018,0.0,1.0,0.0,What emerges from this body of evidence is a financial biography of the 45th president fundamentally at odds with t‚Ä¶ https://t.co/gsJyG94wEH,26,@NYTimes
0.0,Tue Oct 02 19:44:52 +0000 2018,0.0,1.0,0.0,The New York Times‚Äôs findings are based on interviews with Fred Trump‚Äôs former employees and advisers and more than‚Ä¶ https://t.co/LHEXeqxf5t,27,@NYTimes
0.0,Tue Oct 02 19:40:35 +0000 2018,0.0,1.0,0.0,"Trump declined repeated requests over several weeks to comment for this article. But a lawyer for Trump, Charles J.‚Ä¶ https://t.co/Pf01JULG2i",28,@NYTimes
0.0,Tue Oct 02 19:26:51 +0000 2018,0.0,1.0,0.0,President Trump has sold himself as a self-made billionaire but a Times investigation found that he received more t‚Ä¶ https://t.co/lhuCsng9Wi,29,@NYTimes
0.0,Tue Oct 02 18:50:05 +0000 2018,0.0,1.0,0.0,"Primera Air, a small low-cost airline, filed for bankruptcy and ceased flying on Monday night, leaving hundreds of‚Ä¶ https://t.co/PIC0H5zEEW",30,@NYTimes
-0.1531,Tue Oct 02 18:35:04 +0000 2018,0.172,0.72,0.108,"If you're looking to help victims of the earthquake and tsunami that struck Indonesia, here is some guidance, and a‚Ä¶ https://t.co/1P56jAWnkU",31,@NYTimes
0.6369,Tue Oct 02 18:10:06 +0000 2018,0.0,0.851,0.149,"RT @Nate_Cohn: Virginia 2, final. Taylor (R, inc) 49, Luria (D) 41
This is probably our best result for the Republicans in weeks. Didn't ex‚Ä¶",32,@NYTimes
0.0,Tue Oct 02 18:00:10 +0000 2018,0.0,1.0,0.0,"""Rather than clarifying the cause of a murky issue, 'toxic' often does the opposite,"" writes Lauren Oyler https://t.co/kL0A7ZeKKj",33,@NYTimes
0.3818,Tue Oct 02 17:50:04 +0000 2018,0.0,0.894,0.106,RT @rudoren: ‚ÄòWhat the (Insert Extreme Word of Choice) Is Going On Over There?‚Äô   The imitable ‚Å¶@sarahlyall‚Å© helps readers outside the US u‚Ä¶,34,@NYTimes
0.0258,Tue Oct 02 17:45:08 +0000 2018,0.071,0.853,0.076,"In an election year that has included alarming portents of global warming, the one place that climate change rarely‚Ä¶ https://t.co/urPRErl29O",35,@NYTimes
0.0,Tue Oct 02 17:35:02 +0000 2018,0.0,1.0,0.0,RT @nytvideo: About 70 percent of immigrants in U.S. prisons are being overseen by privately held companies. How did this happen? @RetroRep‚Ä¶,36,@NYTimes
0.4215,Tue Oct 02 17:25:02 +0000 2018,0.0,0.872,0.128,"Saving money, especially right after college, seems impossible. But the sooner you start, the easier it is. We prom‚Ä¶ https://t.co/G52mYPrQvS",37,@NYTimes
0.5859,Tue Oct 02 17:10:02 +0000 2018,0.0,0.769,0.231,Plants. A fresh coat of paint. Mementos. Here's how recent college graduates make shoe-box-size spaces feel like ho‚Ä¶ https://t.co/REeASBGj20,38,@NYTimes
0.8658,Tue Oct 02 17:00:12 +0000 2018,0.0,0.65,0.35,"RT @patrickhealynyt: Pretty cool: Alex Burns, one of our best NY Times political reporters, is texting first-hand insights, intel &amp; experie‚Ä¶",39,@NYTimes
-0.6908,Tue Oct 02 16:50:04 +0000 2018,0.231,0.769,0.0,Before and after photos show the destruction left in the wake of an earthquake and resulting tsunami that struck In‚Ä¶ https://t.co/en0SsepBam,40,@NYTimes
0.0,Tue Oct 02 16:40:07 +0000 2018,0.0,1.0,0.0,"RT @Nate_Cohn: Arizona 2, final. Kirkpatrick (D) 50, Marquez Peterson (R) 39
This seat was already thought to lean Democratic, though there‚Ä¶",41,@NYTimes
0.0,Tue Oct 02 16:30:11 +0000 2018,0.0,1.0,0.0,"Tesla said Tuesday that it produced 80,142 cars in the 3rd quarter, a 50% rise from the 2nd quarter https://t.co/t6K5iAxKKi",42,@NYTimes
0.0,Tue Oct 02 16:20:03 +0000 2018,0.0,1.0,0.0,"RT @nytopinion: The new leading presidential candidate in the polls in Brazil is a former military officer, Jair Bolsonaro, a far-right can‚Ä¶",43,@NYTimes
0.0,Tue Oct 02 16:10:04 +0000 2018,0.0,1.0,0.0,"The FBI has completed its interview of Mark Judge. In a statement, Judge's lawyer said, ‚ÄúMr. Judge completed his FB‚Ä¶ https://t.co/FbpaysTbBh",44,@NYTimes
-0.4939,Tue Oct 02 16:00:11 +0000 2018,0.138,0.862,0.0,"RT @nytimesbooks: A Ted Talk leads to a confession ‚Äî ""my mother was a heroin addict"" ‚Äî which leads to a graphic memoir by Jarrett J. Krosoc‚Ä¶",45,@NYTimes
0.25,Tue Oct 02 15:45:05 +0000 2018,0.0,0.905,0.095,"Time‚Äôs Up, the initiative created by women in Hollywood in response to the #MeToo movement, named Lisa Borders, pre‚Ä¶ https://t.co/UKIQYEuDcA",46,@NYTimes
0.0,Tue Oct 02 15:30:13 +0000 2018,0.0,1.0,0.0,RT @karenyourish: Just four of more than two dozen potential witnesses were on the Republicans‚Äô initial list to the FBI. https://t.co/Vz0dl‚Ä¶,47,@NYTimes
0.0,Tue Oct 02 15:15:08 +0000 2018,0.0,1.0,0.0,"After the Ivy League changed its kickoff rules in 2016, adjusting the kickoff and touchback lines by just five yard‚Ä¶ https://t.co/HsMtMQKylJ",48,@NYTimes
0.4019,Tue Oct 02 15:00:12 +0000 2018,0.0,0.876,0.124,"If Bob Woodward, journalist and author of ‚ÄúFear: Trump in the White House,‚Äù was hosting a literary dinner party, wh‚Ä¶ https://t.co/s60u9QU0HU",49,@NYTimes
-0.6077,Tue Oct 02 14:46:04 +0000 2018,0.147,0.853,0.0,"RT @emmagf: After six driver suicides in New York, taxi drivers are talking more openly about depression. ‚ÄúWhen you have nothing to do, we‚Ä¶",50,@NYTimes
-0.6486,Tue Oct 02 14:30:12 +0000 2018,0.24,0.671,0.088,"""There's a narrative of what rape looks like and what kind of person you have to be to be a victim or a perpetrator‚Ä¶ https://t.co/npXtxzuDU1",51,@NYTimes
-0.3818,Tue Oct 02 14:16:03 +0000 2018,0.115,0.885,0.0,RT @rpogrebin: We got the police report: Kavanaugh was involved in a bar fight at Yale in 1985 @benprotess @emilybazelon @RebeccaRuiz @Stev‚Ä¶,52,@NYTimes
-0.5499,Tue Oct 02 14:07:04 +0000 2018,0.157,0.843,0.0,"RT @nytimesbusiness: Tesla Model 3 production is up, but the company is still having trouble delivering the cars to drivers https://t.co/lK‚Ä¶",53,@NYTimes
-0.9136,Tue Oct 02 14:00:12 +0000 2018,0.428,0.572,0.0,A New York City bus driver involved in a fatal accident with a cyclist was found guilty of failing to yield the rig‚Ä¶ https://t.co/bfN9OccWZE,54,@NYTimes
0.0,Tue Oct 02 13:45:08 +0000 2018,0.0,1.0,0.0,Here's everything you need to know for the midterm elections https://t.co/Wsqhk4vNN1,55,@NYTimes
0.2716,Tue Oct 02 13:29:05 +0000 2018,0.0,0.901,0.099,"""I think the character is incredibly important, maybe now more than ever,"" said the writer of a new Captain Marvel‚Ä¶ https://t.co/vptSUR9HYE",56,@NYTimes
-0.3272,Tue Oct 02 13:15:07 +0000 2018,0.192,0.677,0.131,RT @nytopinion: .@PaulKrugman: My guess is that Kavanaugh's privileged roots are precisely why he‚Äôs so angry https://t.co/9R4K79fdWt,57,@NYTimes
0.0,Tue Oct 02 13:00:12 +0000 2018,0.0,1.0,0.0,Morning¬†Briefing: Here's what you need to know to start your day https://t.co/wXfjnUG3Wd https://t.co/prXeCCDyYw,58,@NYTimes
0.0258,Tue Oct 02 12:44:03 +0000 2018,0.071,0.853,0.076,"In an election year that has included alarming portents of global warming, the one place that climate change rarely‚Ä¶ https://t.co/jRRjeURwY0",59,@NYTimes
0.4767,Tue Oct 02 12:30:10 +0000 2018,0.0,0.846,0.154,Brett Kavanaugh's friends and former classmates have painted contrasting images of his past. Seth Meyers seized on‚Ä¶ https://t.co/BDOfTR1Aix,60,@NYTimes
0.0,Tue Oct 02 12:14:04 +0000 2018,0.0,1.0,0.0,"Across the Carolinas, Florence remains far from over https://t.co/VxAHK484Af https://t.co/jtY6xN1DNx",61,@NYTimes
0.6369,Tue Oct 02 12:10:07 +0000 2018,0.0,0.802,0.198,"Charles Aznavour's career spanned the history of the chanson realiste, the unvarnished tales of unrequited love, lo‚Ä¶ https://t.co/VEsYuHDGVv",62,@NYTimes
-0.4767,Tue Oct 02 12:00:14 +0000 2018,0.147,0.853,0.0,"Your daily @DealBook Briefing:

‚Ä¢ What's wrong with California's board quota plan.

‚Ä¢ GE's new chief has a lot to f‚Ä¶ https://t.co/jJ4GyJ5zez",63,@NYTimes
-0.5574,Tue Oct 02 11:45:05 +0000 2018,0.153,0.847,0.0,"Officials said that at least 1,234 people in Indonesia had died. Others, still uncounted, lie in the rubble of ruin‚Ä¶ https://t.co/VW8Ec3DZ5n",64,@NYTimes
-0.0772,Tue Oct 02 11:30:11 +0000 2018,0.178,0.704,0.117,"Louis C.K. returned to the Comedy Cellar, where a new policy lets uncomfortable customers leave, their check picked‚Ä¶ https://t.co/pZQZ655KPR",65,@NYTimes
0.0,Tue Oct 02 11:15:07 +0000 2018,0.0,1.0,0.0,"More of Brett Kavanaugh's former classmates are now coming forward with personal stories 
https://t.co/PEKa867VgI",66,@NYTimes
-0.5267,Tue Oct 02 11:00:02 +0000 2018,0.252,0.748,0.0,American and Chinese Warships came perilously close to colliding in the disputed waters of the South China Sea https://t.co/2qv7K4X3T3,67,@NYTimes
0.3612,Tue Oct 02 10:50:03 +0000 2018,0.0,0.8,0.2,Video: How the Indonesia earthquake made soil flow like water https://t.co/5NK95hKpYq,68,@NYTimes
0.1027,Tue Oct 02 10:46:39 +0000 2018,0.053,0.84,0.107,Amazon says it will raise base pay for all its U.S. workers to $15 an hour and is planning to lobby for a higher na‚Ä¶ https://t.co/KUQPPZVqj1,69,@NYTimes
0.0,Tue Oct 02 10:40:06 +0000 2018,0.0,1.0,0.0,Morning¬†Briefing: Here's what you need to know to start your day https://t.co/tS6sdHdjNM https://t.co/i7FBxtd2qE,70,@NYTimes
0.0,Tue Oct 02 10:31:00 +0000 2018,0.0,1.0,0.0,"""Increasing diversity of all kinds was always going to be a journey. We will get there. But let's not do anything t‚Ä¶ https://t.co/ygB7Yn2hJg",71,@NYTimes
0.7184,Tue Oct 02 10:22:55 +0000 2018,0.0,0.76,0.24,"Breaking News: The Nobel Prize in Physics was awarded to scientists from the U.S., Canada and France for their work‚Ä¶ https://t.co/IfzHUNcDop",72,@NYTimes
0.0,Tue Oct 02 10:15:08 +0000 2018,0.0,1.0,0.0,A look at the 5 senators who will decide Brett Kavanaugh's fate https://t.co/QZRA0qGVSg https://t.co/7xjVVcVEmi,73,@NYTimes
-0.4404,Tue Oct 02 09:49:52 +0000 2018,0.195,0.805,0.0,RT @adamjdean: A mosque damaged by the earthquake and tsunami in #palu @nytimes https://t.co/gPy5SJRtm5,74,@NYTimes
0.4939,Tue Oct 02 09:45:07 +0000 2018,0.062,0.785,0.153,"RT @jotted: Excellent deep dive on China's healthcare system by @suilee. Dystopian, heart breaking and alarming. Patients make their own ca‚Ä¶",75,@NYTimes
0.0772,Tue Oct 02 09:31:04 +0000 2018,0.175,0.677,0.147,RT @nytimesworld: A 16-year-old boy in Turkey has been sentenced to prison for kissing his 13-year-old girlfriend after teachers found his‚Ä¶,76,@NYTimes
-0.886,Tue Oct 02 09:15:05 +0000 2018,0.51,0.49,0.0,Seven Germans have been arrested on suspicion of building a far-right terrorist organization https://t.co/8IsaAAvlyB,77,@NYTimes
0.0,Tue Oct 02 09:00:18 +0000 2018,0.0,1.0,0.0,"A website tallies up apologies from the Twitter accounts of 25 British rail companies. All together, they have twee‚Ä¶ https://t.co/xumnsEdDsu",78,@NYTimes
0.0,Tue Oct 02 08:45:03 +0000 2018,0.0,1.0,0.0,A company in New Zealand that let its employees work 4 days a week while being paid for 5 said the experiment was s‚Ä¶ https://t.co/zKmIx3n6Zf,79,@NYTimes
-0.6486,Tue Oct 02 08:30:08 +0000 2018,0.227,0.773,0.0,"A heckler at a political event is hardly unusual. But the woman, who was later arrested, was no ordinary heckler, s‚Ä¶ https://t.co/IFMnleuKvS",80,@NYTimes
-0.2617,Tue Oct 02 08:15:07 +0000 2018,0.179,0.821,0.0,North Korea accused the Trump administration of demanding too much but offering too few concessions https://t.co/47VwyBaG20,81,@NYTimes
0.4019,Tue Oct 02 08:00:06 +0000 2018,0.0,0.886,0.114,"""While California‚Äôs impulse is clearly on the right side of history, the way the rule was enacted is so misguided t‚Ä¶ https://t.co/blW1Rr5TVG",82,@NYTimes
-0.7906,Tue Oct 02 07:45:01 +0000 2018,0.364,0.636,0.0,Photographers captured the grim and desperate aftermath of the earthquake and tsunami that struck eastern Indonesia https://t.co/oVvy4A9wwg,83,@NYTimes
-0.1779,Tue Oct 02 07:33:03 +0000 2018,0.104,0.829,0.067,"Mai Khoi, once a conventional pop star, is now a protest singer who challenges Vietnam‚Äôs political status quo. ‚ÄúEve‚Ä¶ https://t.co/BQYUVOR0wl",84,@NYTimes
-0.5994,Tue Oct 02 07:27:44 +0000 2018,0.17,0.83,0.0,"The death toll in Friday‚Äôs earthquake and tsunami in Indonesia has risen to at least 1,234 people, officials say https://t.co/QAusuXu2BD",85,@NYTimes
-0.6124,Tue Oct 02 07:15:04 +0000 2018,0.308,0.692,0.0,Entire neighborhoods have been devastated in and around Palu https://t.co/E1avLeyRjA,86,@NYTimes
0.4019,Tue Oct 02 07:00:15 +0000 2018,0.0,0.891,0.109,This rabbi is in charge of figuring out how to deal with clean meat ‚Äî meat that is grown in laboratories from anima‚Ä¶ https://t.co/jGBf7LrLvs,87,@NYTimes
0.0,Tue Oct 02 06:45:06 +0000 2018,0.0,1.0,0.0,"Chad Ludington, one of Judge Kavanaugh‚Äôs Yale classmates, said the altercation happened after a UB40 concert https://t.co/2npPthWwhS",88,@NYTimes
-0.8402,Tue Oct 02 06:30:06 +0000 2018,0.333,0.667,0.0,Map: The scale of the destruction of the Indonesia tsunami that left more than 800 people dead https://t.co/yFtezqCN1u,89,@NYTimes
0.0,Tue Oct 02 06:15:09 +0000 2018,0.0,1.0,0.0,RT @nytrealestate: Looking to buy an apartment in Manhattan? Now might be the time ‚Äî regardless of your budget https://t.co/Yn0h5serxI,90,@NYTimes
0.0,Tue Oct 02 06:00:02 +0000 2018,0.0,1.0,0.0,Tesla has reported that it is selling almost all of the cars it is making. But internet sleuths have found large nu‚Ä¶ https://t.co/RYLJnujaX5,91,@NYTimes
0.0,Tue Oct 02 05:45:08 +0000 2018,0.0,1.0,0.0,That Silicon Valley billionaire who wants to close a road to the beach because it runs through his property? The Su‚Ä¶ https://t.co/ewEuvi1obb,92,@NYTimes
0.0,Tue Oct 02 05:30:02 +0000 2018,0.0,1.0,0.0,"Antonio Delgado, who is running for Congress in New York, is a Rhodes scholar and Harvard Law graduate. The G.O.P.‚Ä¶ https://t.co/gvtO0JbCEM",93,@NYTimes
0.0,Tue Oct 02 05:21:48 +0000 2018,0.0,1.0,0.0,RT @photojournalism: Tomorrow's front page story on the tsunami aftermath by @adamjdean @hkbeech and @RCPaddock https://t.co/DMU3sZBkFP htt‚Ä¶,94,@NYTimes
0.0,Tue Oct 02 05:15:04 +0000 2018,0.0,1.0,0.0,"RT @ElisabethMalkin: Tuesday is the 50th anniversary of the Tlatelolco massacre, when Mexican soldiers massacred Mexican students. My story‚Ä¶",95,@NYTimes
-0.0772,Tue Oct 02 05:00:49 +0000 2018,0.187,0.69,0.123,"Louis C.K. unexpectedly returned to the Comedy Cellar, where a new policy lets uncomfortable customers leave, their‚Ä¶ https://t.co/t1U8u7pZVy",96,@NYTimes
0.0,Tue Oct 02 04:47:04 +0000 2018,0.0,1.0,0.0,"In her first big solo trip abroad, Melania Trump is scheduled to visit 4 African countries in the span of a week: G‚Ä¶ https://t.co/QbeeVlg7v0",97,@NYTimes
0.4019,Tue Oct 02 04:32:06 +0000 2018,0.0,0.863,0.137,"Voters in Quebec selected a center-right party to take control of the provincial government, in the first election‚Ä¶ https://t.co/4fSIXlIDXX",98,@NYTimes
-0.5106,Tue Oct 02 04:17:04 +0000 2018,0.155,0.845,0.0,"In Tennessee, President Trump went on an insult spree against his potential 2020 opponents: Joe Biden, Elizabeth Wa‚Ä¶ https://t.co/HXP2dxrzrp",99,@NYTimes
